Workbook

Sheet diccionario_
A1: instructor_ | B1: rut_instructor | C1: codigo_perfil_cv | D1: firma_ | E1: marcas | F1: tipo | G1: modelo
A3: Marcelo Camilo Barrera Acevedo | B3: 13.364.290-0 | C3: P-8549-2359-004-V01 | D3: Marcelo Barrera A. | E3: MERCEDES BENZ | F3: BUS 1 PISO | G3: O500 RS - OC500 RF
A4: Daniel Rodrigo Carvajal Bucarey | B4: 10.528.715-1 | C4: P-8549-2359-004-V01 | D4: Daniel Carvajal B. | E4: ZHONG TONG | F4: BUS 1 1/2 PISO | G4: O500 RS-D
A5: Fernando Rodrigo Maza Roman | B5: 12.476.744-k | C5: P-8549-2359-004-V01 | D5: Fernando Maza R. | E5: SCANIA | F5: BUS 2 PISOS | G5: SPRINTER 315 – 415 – 515 – 517 4X2
A6: Gilberto Leonardo Urtubia Carvajal | B6: 9.249.626-0 | C6: P-8549-2359-004-V01 | D6: Gilerto Urtubia C. | E6: VOLVO | F6: TAXIBUS | G6: SPRINTER 516 4x4
A7: Milla Miranda Guillermo Andres | B7: 15.325.100-2 | C7: P-8549-2359-004-V01 | D7: Guillermo Milla M. | E7: VOLARE | F7: MINIBUS | G7: LO915 - LO916
E8: IVECO | G8: F310 HB
E9: MAXUS | G9: K 360 IB
E10: YUTONG | G10: K 410CB
G11: K 440 IB
G12: K 400 IB
G13: B 420R - B 430R
G14: B 450R
G15: DAILY 50 - 170 4X2
G16: ZT LCK6129EV
G17: V8L 4X4
G18: E DELIBERY 9
G19: C9 ZK6709H

Sheet dot_
A1: Nombre Completo | B1: Número de Documento | C1: Cargo | D1: Nombre Área
A2: Abarca Vivar Juan Agustin | B2: 8.448.934-4 | C2: CONDUCTOR DE BUS AREA INDUSTRIAL | D2: AURA - DAND
A3: Abarca Vivar Juan Agustin | B3: 8.448.934-4 | C3: CONDUCTOR DE BUS | D3: CODELCO VP ANDINA 2022
A4: Abello Rojas Paola Soledad | B4: 12.575.276-4 | C4: CONDUCTOR DE FURGON | D4: SERVICIO CODELCO DMH
A5: Acevedo González Manuel Guillermo | B5: 7.614.405-2 | C5: CONDUCTOR DE BUS | D5: SIERRA GORDA - OPERACION
A6: Acevedo Jofré Jorge Andrés | B6: 11.478.221-1 | C6: CONDUCTOR DE BUS | D6: SYNCORE - TALABRE
A7: Acevedo Mardones William Mario | B7: 10.160.908-1 | C7: CONDUCTOR DE BUS | D7: VALPARAISO
A8: Acosta Salazar Oberney | B8: 26.607.465-4 | C8: CONDUCTOR DE BUS | D8: ALTO NORTE
A9: Acuña Henriquez Milton Andre | B9: 14.305.012-2 | C9: CONDUCTOR DE MINIBUS AREA INDUSTRIAL | D9: CODELCO ANDINA 2022
A10: Adaro Leal Franco Ignacio | B10: 18.006.078-2 | C10: COORDINADOR DE SERVICIOS | D10: NEWREST COLLAHUASI
A11: Agosin Lara David Adolfo | B11: 12.643.301-8 | C11: CONDUCTOR DE BUS | D11: FLIX VIÑA DEL MAR
A12: Aguayo Salinas Miguel Angel | B12: 8.805.198-k | C12: CONDUCTOR DE BUS | D12: JM SERVICIOS ESPECIALES
... A1653: Zuvic Caro Javier Mauricio | B1653: 10.516.045-3 | C1653: CONDUCTOR DE BUS | D1653: SIERRA GORDA - OPERACION

Sheet firmas
D2: Firmado digitalmente por: Marcelo Barrera A.
D3: Firmado digitalmente por: Daniel Carvajal B.
D4: Firmado digitalmente por: Fernando Maza R.
D5: Firmado digitalmente por: Gilberto Urtubia C.

Sheet form
A1: instructor_ | B1: rut_instructor | C1: codigo_perfil_cv | D1: fecha | E1: hora | F1: trabajador_ | G1: rut_trabajador | H1: marca_ | I1: tipo_1 | J1: modelo_1 | K1: modelo_2 | L1: modelo_3 | M1: modelos_todos | N1: evaluacion_
B2: =IF(Tabla4[[#This Row],[instructor_]]="","",_xlfn.XLOOKUP(Tabla4[[#This Row],[instructor_]],diccionario_!$A$1:$A$13,diccionario_!$B$1:$B$13,,0)) | C2: =IF(Tabla4[[#This Row],[instructor_]]="","",_xlfn.XLOOKUP(Tabla4[[#This Row],[instructor_]],diccionario_!$A$1:$A$13,diccionario_!$C$1:$C$13,,0)) | G2: =IF(Tabla4[[#This Row],[trabajador_]]="","",_xlfn.XLOOKUP(Tabla4[[#This Row],[trabajador_]],Tabla2[Nombre Completo],Tabla2[Número de Documento],,0)) | M2: =_xlfn.TEXTJOIN(" - ",TRUE,Tabla4[[#This Row],[modelo_1]],Tabla4[[#This Row],[modelo_2]],Tabla4[[#This Row],[modelo_3]])
B3: =IF(Tabla4[[#This Row],[instructor_]]="","",_xlfn.XLOOKUP(Tabla4[[#This Row],[instructor_]],diccionario_!$A$1:$A$13,diccionario_!$B$1:$B$13,,0)) | C3: =IF(Tabla4[[#This Row],[instructor_]]="","",_xlfn.XLOOKUP(Tabla4[[#This Row],[instructor_]],diccionario_!$A$1:$A$13,diccionario_!$C$1:$C$13,,0)) | G3: =IF(Tabla4[[#This Row],[trabajador_]]="","",_xlfn.XLOOKUP(Tabla4[[#This Row],[trabajador_]],Tabla2[Nombre Completo],Tabla2[Número de Documento],,0)) | M3: =_xlfn.TEXTJOIN(" - ",TRUE,Tabla4[[#This Row],[modelo_1]],Tabla4[[#This Row],[modelo_2]],Tabla4[[#This Row],[modelo_3]])
B4: =IF(Tabla4[[#This Row],[instructor_]]="","",_xlfn.XLOOKUP(Tabla4[[#This Row],[instructor_]],diccionario_!$A$1:$A$13,diccionario_!$B$1:$B$13,,0)) | C4: =IF(Tabla4[[#This Row],[instructor_]]="","",_xlfn.XLOOKUP(Tabla4[[#This Row],[instructor_]],diccionario_!$A$1:$A$13,diccionario_!$C$1:$C$13,,0)) | G4: =IF(Tabla4[[#This Row],[trabajador_]]="","",_xlfn.XLOOKUP(Tabla4[[#This Row],[trabajador_]],Tabla2[Nombre Completo],Tabla2[Número de Documento],,0)) | M4: =_xlfn.TEXTJOIN(" - ",TRUE,Tabla4[[#This Row],[modelo_1]],Tabla4[[#This Row],[modelo_2]],Tabla4[[#This Row],[modelo_3]])
B5: =IF(Tabla4[[#This Row],[instructor_]]="","",_xlfn.XLOOKUP(Tabla4[[#This Row],[instructor_]],diccionario_!$A$1:$A$13,diccionario_!$B$1:$B$13,,0)) | C5: =IF(Tabla4[[#This Row],[instructor_]]="","",_xlfn.XLOOKUP(Tabla4[[#This Row],[instructor_]],diccionario_!$A$1:$A$13,diccionario_!$C$1:$C$13,,0)) | G5: =IF(Tabla4[[#This Row],[trabajador_]]="","",_xlfn.XLOOKUP(Tabla4[[#This Row],[trabajador_]],Tabla2[Nombre Completo],Tabla2[Número de Documento],,0)) | M5: =_xlfn.TEXTJOIN(" - ",TRUE,Tabla4[[#This Row],[modelo_1]],Tabla4[[#This Row],[modelo_2]],Tabla4[[#This Row],[modelo_3]])
B6: =IF(Tabla4[[#This Row],[instructor_]]="","",_xlfn.XLOOKUP(Tabla4[[#This Row],[instructor_]],diccionario_!$A$1:$A$13,diccionario_!$B$1:$B$13,,0)) | C6: =IF(Tabla4[[#This Row],[instructor_]]="","",_xlfn.XLOOKUP(Tabla4[[#This Row],[instructor_]],diccionario_!$A$1:$A$13,diccionario_!$C$1:$C$13,,0)) | G6: =IF(Tabla4[[#This Row],[trabajador_]]="","",_xlfn.XLOOKUP(Tabla4[[#This Row],[trabajador_]],Tabla2[Nombre Completo],Tabla2[Número de Documento],,0)) | M6: =_xlfn.TEXTJOIN(" - ",TRUE,Tabla4[[#This Row],[modelo_1]],Tabla4[[#This Row],[modelo_2]],Tabla4[[#This Row],[modelo_3]])
B7: =IF(Tabla4[[#This Row],[instructor_]]="","",_xlfn.XLOOKUP(Tabla4[[#This Row],[instructor_]],diccionario_!$A$1:$A$13,diccionario_!$B$1:$B$13,,0)) | C7: =IF(Tabla4[[#This Row],[instructor_]]="","",_xlfn.XLOOKUP(Tabla4[[#This Row],[instructor_]],diccionario_!$A$1:$A$13,diccionario_!$C$1:$C$13,,0)) | G7: =IF(Tabla4[[#This Row],[trabajador_]]="","",_xlfn.XLOOKUP(Tabla4[[#This Row],[trabajador_]],Tabla2[Nombre Completo],Tabla2[Número de Documento],,0)) | M7: =_xlfn.TEXTJOIN(" - ",TRUE,Tabla4[[#This Row],[modelo_1]],Tabla4[[#This Row],[modelo_2]],Tabla4[[#This Row],[modelo_3]])
B8: =IF(Tabla4[[#This Row],[instructor_]]="","",_xlfn.XLOOKUP(Tabla4[[#This Row],[instructor_]],diccionario_!$A$1:$A$13,diccionario_!$B$1:$B$13,,0)) | C8: =IF(Tabla4[[#This Row],[instructor_]]="","",_xlfn.XLOOKUP(Tabla4[[#This Row],[instructor_]],diccionario_!$A$1:$A$13,diccionario_!$C$1:$C$13,,0)) | G8: =IF(Tabla4[[#This Row],[trabajador_]]="","",_xlfn.XLOOKUP(Tabla4[[#This Row],[trabajador_]],Tabla2[Nombre Completo],Tabla2[Número de Documento],,0)) | M8: =_xlfn.TEXTJOIN(" - ",TRUE,Tabla4[[#This Row],[modelo_1]],Tabla4[[#This Row],[modelo_2]],Tabla4[[#This Row],[modelo_3]])
B9: =IF(Tabla4[[#This Row],[instructor_]]="","",_xlfn.XLOOKUP(Tabla4[[#This Row],[instructor_]],diccionario_!$A$1:$A$13,diccionario_!$B$1:$B$13,,0)) | C9: =IF(Tabla4[[#This Row],[instructor_]]="","",_xlfn.XLOOKUP(Tabla4[[#This Row],[instructor_]],diccionario_!$A$1:$A$13,diccionario_!$C$1:$C$13,,0)) | G9: =IF(Tabla4[[#This Row],[trabajador_]]="","",_xlfn.XLOOKUP(Tabla4[[#This Row],[trabajador_]],Tabla2[Nombre Completo],Tabla2[Número de Documento],,0)) | M9: =_xlfn.TEXTJOIN(" - ",TRUE,Tabla4[[#This Row],[modelo_1]],Tabla4[[#This Row],[modelo_2]],Tabla4[[#This Row],[modelo_3]])
B10: =IF(Tabla4[[#This Row],[instructor_]]="","",_xlfn.XLOOKUP(Tabla4[[#This Row],[instructor_]],diccionario_!$A$1:$A$13,diccionario_!$B$1:$B$13,,0)) | C10: =IF(Tabla4[[#This Row],[instructor_]]="","",_xlfn.XLOOKUP(Tabla4[[#This Row],[instructor_]],diccionario_!$A$1:$A$13,diccionario_!$C$1:$C$13,,0)) | G10: =IF(Tabla4[[#This Row],[trabajador_]]="","",_xlfn.XLOOKUP(Tabla4[[#This Row],[trabajador_]],Tabla2[Nombre Completo],Tabla2[Número de Documento],,0)) | M10: =_xlfn.TEXTJOIN(" - ",TRUE,Tabla4[[#This Row],[modelo_1]],Tabla4[[#This Row],[modelo_2]],Tabla4[[#This Row],[modelo_3]])
B11: =IF(Tabla4[[#This Row],[instructor_]]="","",_xlfn.XLOOKUP(Tabla4[[#This Row],[instructor_]],diccionario_!$A$1:$A$13,diccionario_!$B$1:$B$13,,0)) | C11: =IF(Tabla4[[#This Row],[instructor_]]="","",_xlfn.XLOOKUP(Tabla4[[#This Row],[instructor_]],diccionario_!$A$1:$A$13,diccionario_!$C$1:$C$13,,0)) | G11: =IF(Tabla4[[#This Row],[trabajador_]]="","",_xlfn.XLOOKUP(Tabla4[[#This Row],[trabajador_]],Tabla2[Nombre Completo],Tabla2[Número de Documento],,0)) | M11: =_xlfn.TEXTJOIN(" - ",TRUE,Tabla4[[#This Row],[modelo_1]],Tabla4[[#This Row],[modelo_2]],Tabla4[[#This Row],[modelo_3]])
B12: =IF(Tabla4[[#This Row],[instructor_]]="","",_xlfn.XLOOKUP(Tabla4[[#This Row],[instructor_]],diccionario_!$A$1:$A$13,diccionario_!$B$1:$B$13,,0)) | C12: =IF(Tabla4[[#This Row],[instructor_]]="","",_xlfn.XLOOKUP(Tabla4[[#This Row],[instructor_]],diccionario_!$A$1:$A$13,diccionario_!$C$1:$C$13,,0)) | G12: =IF(Tabla4[[#This Row],[trabajador_]]="","",_xlfn.XLOOKUP(Tabla4[[#This Row],[trabajador_]],Tabla2[Nombre Completo],Tabla2[Número de Documento],,0)) | M12: =_xlfn.TEXTJOIN(" - ",TRUE,Tabla4[[#This Row],[modelo_1]],Tabla4[[#This Row],[modelo_2]],Tabla4[[#This Row],[modelo_3]])
B13: =IF(Tabla4[[#This Row],[instructor_]]="","",_xlfn.XLOOKUP(Tabla4[[#This Row],[instructor_]],diccionario_!$A$1:$A$13,diccionario_!$B$1:$B$13,,0)) | C13: =IF(Tabla4[[#This Row],[instructor_]]="","",_xlfn.XLOOKUP(Tabla4[[#This Row],[instructor_]],diccionario_!$A$1:$A$13,diccionario_!$C$1:$C$13,,0)) | G13: =IF(Tabla4[[#This Row],[trabajador_]]="","",_xlfn.XLOOKUP(Tabla4[[#This Row],[trabajador_]],Tabla2[Nombre Completo],Tabla2[Número de Documento],,0)) | M13: =_xlfn.TEXTJOIN(" - ",TRUE,Tabla4[[#This Row],[modelo_1]],Tabla4[[#This Row],[modelo_2]],Tabla4[[#This Row],[modelo_3]])
... B41: =IF(Tabla4[[#This Row],[instructor_]]="","",_xlfn.XLOOKUP(Tabla4[[#This Row],[instructor_]],diccionario_!$A$1:$A$13,diccionario_!$B$1:$B$13,,0)) | C41: =IF(Tabla4[[#This Row],[instructor_]]="","",_xlfn.XLOOKUP(Tabla4[[#This Row],[instructor_]],diccionario_!$A$1:$A$13,diccionario_!$C$1:$C$13,,0)) | G41: =IF(Tabla4[[#This Row],[trabajador_]]="","",_xlfn.XLOOKUP(Tabla4[[#This Row],[trabajador_]],Tabla2[Nombre Completo],Tabla2[Número de Documento],,0)) | M41: =_xlfn.TEXTJOIN(" - ",TRUE,Tabla4[[#This Row],[modelo_1]],Tabla4[[#This Row],[modelo_2]],Tabla4[[#This Row],[modelo_3]])

Sheet bbdd
A1: correlativo_ | B1: instructor_2 | C1: rut_instructor | D1: codigo_perfil_cv | E1: fecha | F1: hora | G1: trabajador_ | H1: rut_trabajador | I1: marca_ | J1: tipo_1 | K1: modelo_1 | L1: modelo_2 | M1: modelo_3 | N1: modelos_todos | O1: evaluacion_ | P1: estado_certificado | Q1: autorizado_para_operar | R1: codigo_ | S1: folio_ | T1: fecha_texto | U1: firma_ | V1: calificacion_ | W1: fecha_firma2
A2: 721 | B2: Marcelo Camilo Barrera Acevedo | C2: 13.364.290-0 | D2: P-8549-2359-004-V01 | E2: 46042 | F2: 0.51388889 | G2: Vargas Castañeda Daniel Damian | H2: 12.041.212-4 | I2: MERCEDES BENZ | J2: MINIBUS | K2: SPRINTER 315 – 415 – 515 – 517 4X2 | N2: SPRINTER 315 – 415 – 515 – 517 4X2 | O2: 1 | P2: Generado | Q2: =IF(Tabla1[[#This Row],[evaluacion_]]="","",IF(Tabla1[[#This Row],[evaluacion_]]=1,"Habilitado","No Habilitado")) -> Habilitado | R2: =IF(Tabla1[[#This Row],[fecha]]="","",TEXT(Tabla1[[#This Row],[fecha]],"DMMAAAA")&TEXT(Tabla1[[#This Row],[hora]],"HHmm")) -> 200120261220 | S2: =_xlfn.CONCAT(Tabla1[[#This Row],[codigo_]],Tabla1[[#This Row],[correlativo_]]) -> 200120261220721 | T2: =DAY(E2) & " de " & TEXT(E2, "mmmm") & " del " & YEAR(E2) -> 20 de enero del 2026 | U2: =_xlfn.XLOOKUP(Tabla1[[#This Row],[instructor_2]],diccionario_!$A$1:$A$11,diccionario_!$D$1:$D$11,,0) -> Marcelo Barrera A. | V2: =TEXT(O2,"0%") -> 100% | W2: 20 de enero del 2026 a las 12:40
A3: 722 | B3: Marcelo Camilo Barrera Acevedo | C3: 13.364.290-0 | D3: P-8549-2359-004-V01 | E3: 46043 | F3: 0.74305556 | G3: Reyes Rojas Paloma Carolina | H3: 19.966.551-0 | I3: MERCEDES BENZ | J3: MINIBUS | K3: SPRINTER 315 – 415 – 515 – 517 4X2 | N3: SPRINTER 315 – 415 – 515 – 517 4X2 | O3: 1 | P3: Generado | Q3: =IF(Tabla1[[#This Row],[evaluacion_]]="","",IF(Tabla1[[#This Row],[evaluacion_]]=1,"Habilitado","No Habilitado")) -> Habilitado | R3: =IF(Tabla1[[#This Row],[fecha]]="","",TEXT(Tabla1[[#This Row],[fecha]],"DMMAAAA")&TEXT(Tabla1[[#This Row],[hora]],"HHmm")) -> 210120261750 | S3: =_xlfn.CONCAT(Tabla1[[#This Row],[codigo_]],Tabla1[[#This Row],[correlativo_]]) -> 210120261750722 | T3: =DAY(E3) & " de " & TEXT(E3, "mmmm") & " del " & YEAR(E3) -> 21 de enero del 2026 | U3: =_xlfn.XLOOKUP(Tabla1[[#This Row],[instructor_2]],diccionario_!$A$1:$A$11,diccionario_!$D$1:$D$11,,0) -> Marcelo Barrera A. | V3: =TEXT(O3,"0%") -> 100% | W3: 21 de enero del 2026 a las 17:56
A4: 723 | B4: Marcelo Camilo Barrera Acevedo | C4: 13.364.290-0 | D4: P-8549-2359-004-V01 | E4: 46044 | F4: 0.67708333 | G4: Rojas Perez Carlos Mauricio | H4: 12.876.938-2 | I4: MERCEDES BENZ | J4: BUS 1 PISO | K4: O500 RS - OC500 RF | N4: O500 RS - OC500 RF | O4: 1 | P4: Generado | Q4: =IF(Tabla1[[#This Row],[evaluacion_]]="","",IF(Tabla1[[#This Row],[evaluacion_]]=1,"Habilitado","No Habilitado")) -> Habilitado | R4: =IF(Tabla1[[#This Row],[fecha]]="","",TEXT(Tabla1[[#This Row],[fecha]],"DMMAAAA")&TEXT(Tabla1[[#This Row],[hora]],"HHmm")) -> 220120261615 | S4: =_xlfn.CONCAT(Tabla1[[#This Row],[codigo_]],Tabla1[[#This Row],[correlativo_]]) -> 220120261615723 | T4: =DAY(E4) & " de " & TEXT(E4, "mmmm") & " del " & YEAR(E4) -> 22 de enero del 2026 | U4: =_xlfn.XLOOKUP(Tabla1[[#This Row],[instructor_2]],diccionario_!$A$1:$A$11,diccionario_!$D$1:$D$11,,0) -> Marcelo Barrera A. | V4: =TEXT(O4,"0%") -> 100% | W4: 22 de enero del 2026 a las 16:18
A5: 724 | B5: Marcelo Camilo Barrera Acevedo | C5: 13.364.290-0 | D5: P-8549-2359-004-V01 | E5: 46044 | F5: 0.67361111 | G5: Rojas Perez Carlos Mauricio | H5: 12.876.938-2 | I5: ZHONG TONG | J5: BUS 1 PISO | K5: ZT LCK6129EV | N5: ZT LCK6129EV | O5: 1 | P5: Generado | Q5: =IF(Tabla1[[#This Row],[evaluacion_]]="","",IF(Tabla1[[#This Row],[evaluacion_]]=1,"Habilitado","No Habilitado")) -> Habilitado | R5: =IF(Tabla1[[#This Row],[fecha]]="","",TEXT(Tabla1[[#This Row],[fecha]],"DMMAAAA")&TEXT(Tabla1[[#This Row],[hora]],"HHmm")) -> 220120261610 | S5: =_xlfn.CONCAT(Tabla1[[#This Row],[codigo_]],Tabla1[[#This Row],[correlativo_]]) -> 220120261610724 | T5: =DAY(E5) & " de " & TEXT(E5, "mmmm") & " del " & YEAR(E5) -> 22 de enero del 2026 | U5: =_xlfn.XLOOKUP(Tabla1[[#This Row],[instructor_2]],diccionario_!$A$1:$A$11,diccionario_!$D$1:$D$11,,0) -> Marcelo Barrera A. | V5: =TEXT(O5,"0%") -> 100% | W5: 22 de enero del 2026 a las 16:18
A6: 725 | B6: Marcelo Camilo Barrera Acevedo | C6: 13.364.290-0 | D6: P-8549-2359-004-V01 | E6: 46043 | F6: 0.67847222 | G6: Rojas Perez Carlos Mauricio | H6: 12.876.938-2 | I6: MERCEDES BENZ | J6: MINIBUS | K6: SPRINTER 315 – 415 – 515 – 517 4X2 | N6: SPRINTER 315 – 415 – 515 – 517 4X2 | O6: 1 | P6: Generado | Q6: =IF(Tabla1[[#This Row],[evaluacion_]]="","",IF(Tabla1[[#This Row],[evaluacion_]]=1,"Habilitado","No Habilitado")) -> Habilitado | R6: =IF(Tabla1[[#This Row],[fecha]]="","",TEXT(Tabla1[[#This Row],[fecha]],"DMMAAAA")&TEXT(Tabla1[[#This Row],[hora]],"HHmm")) -> 210120261617 | S6: =_xlfn.CONCAT(Tabla1[[#This Row],[codigo_]],Tabla1[[#This Row],[correlativo_]]) -> 210120261617725 | T6: =DAY(E6) & " de " & TEXT(E6, "mmmm") & " del " & YEAR(E6) -> 21 de enero del 2026 | U6: =_xlfn.XLOOKUP(Tabla1[[#This Row],[instructor_2]],diccionario_!$A$1:$A$11,diccionario_!$D$1:$D$11,,0) -> Marcelo Barrera A. | V6: =TEXT(O6,"0%") -> 100% | W6: 22 de enero del 2026 a las 16:18
A7: 726 | B7: Milla Miranda Guillermo Andres | C7: 15.325.100-2 | D7: P-8549-2359-004-V01 | E7: 46038 | F7: 0.375 | O7: información de calificación errónea | P7: Generado | Q7: =IF(Tabla1[[#This Row],[evaluacion_]]="","",IF(Tabla1[[#This Row],[evaluacion_]]=1,"Habilitado","No Habilitado")) -> No Habilitado | R7: =IF(Tabla1[[#This Row],[fecha]]="","",TEXT(Tabla1[[#This Row],[fecha]],"DMMAAAA")&TEXT(Tabla1[[#This Row],[hora]],"HHmm")) -> 160120260900 | S7: =_xlfn.CONCAT(Tabla1[[#This Row],[codigo_]],Tabla1[[#This Row],[correlativo_]]) -> 160120260900726 | T7: =DAY(E7) & " de " & TEXT(E7, "mmmm") & " del " & YEAR(E7) -> 16 de enero del 2026 | U7: =_xlfn.XLOOKUP(Tabla1[[#This Row],[instructor_2]],diccionario_!$A$1:$A$11,diccionario_!$D$1:$D$11,,0) -> Guillermo Milla M. | V7: =TEXT(O7,"0%") -> información de calificación errónea | W7: 27 de enero del 2026 a las 08:51
A8: 727 | B8: Gilberto Leonardo Urtubia Carvajal | C8: 9.249.626-0 | D8: P-8549-2359-004-V01 | E8: 46048 | F8: 0.625 | G8: Villanueva Donoso Leonardo Felipe | H8: 17.300.054-5 | I8: MERCEDES BENZ | J8: BUS 1 PISO | K8: O500 RS - OC500 RF | L8: LO915 - LO916 | N8: O500 RS - OC500 RF - LO915 - LO916 | O8: 1 | P8: Generado | Q8: =IF(Tabla1[[#This Row],[evaluacion_]]="","",IF(Tabla1[[#This Row],[evaluacion_]]=1,"Habilitado","No Habilitado")) -> Habilitado | R8: =IF(Tabla1[[#This Row],[fecha]]="","",TEXT(Tabla1[[#This Row],[fecha]],"DMMAAAA")&TEXT(Tabla1[[#This Row],[hora]],"HHmm")) -> 260120261500 | S8: =_xlfn.CONCAT(Tabla1[[#This Row],[codigo_]],Tabla1[[#This Row],[correlativo_]]) -> 260120261500727 | T8: =DAY(E8) & " de " & TEXT(E8, "mmmm") & " del " & YEAR(E8) -> 26 de enero del 2026 | U8: =_xlfn.XLOOKUP(Tabla1[[#This Row],[instructor_2]],diccionario_!$A$1:$A$11,diccionario_!$D$1:$D$11,,0) -> Gilerto Urtubia C. | V8: =TEXT(O8,"0%") -> 100% | W8: 27 de enero del 2026 a las 09:10
A9: 728 | B9: Gilberto Leonardo Urtubia Carvajal | C9: 9.249.626-0 | D9: P-8549-2359-004-V01 | E9: 46048 | F9: 0.75 | G9: Herrera Bustos Waldo Andrés | H9: 18.259.209-9 | I9: MERCEDES BENZ | J9: BUS 1 PISO | K9: O500 RS - OC500 RF | L9: LO915 - LO916 | N9: O500 RS - OC500 RF - LO915 - LO916 | O9: 1 | P9: Generado | Q9: =IF(Tabla1[[#This Row],[evaluacion_]]="","",IF(Tabla1[[#This Row],[evaluacion_]]=1,"Habilitado","No Habilitado")) -> Habilitado | R9: =IF(Tabla1[[#This Row],[fecha]]="","",TEXT(Tabla1[[#This Row],[fecha]],"DMMAAAA")&TEXT(Tabla1[[#This Row],[hora]],"HHmm")) -> 260120261800 | S9: =_xlfn.CONCAT(Tabla1[[#This Row],[codigo_]],Tabla1[[#This Row],[correlativo_]]) -> 260120261800728 | T9: =DAY(E9) & " de " & TEXT(E9, "mmmm") & " del " & YEAR(E9) -> 26 de enero del 2026 | U9: =_xlfn.XLOOKUP(Tabla1[[#This Row],[instructor_2]],diccionario_!$A$1:$A$11,diccionario_!$D$1:$D$11,,0) -> Gilerto Urtubia C. | V9: =TEXT(O9,"0%") -> 100% | W9: 27 de enero del 2026 a las 09:10
A10: 729 | B10: Daniel Rodrigo Carvajal Bucarey | C10: 10.528.715-1 | D10: P-8549-2359-004-V01 | E10: 46027 | F10: 0.625 | G10: Barrera Acevedo Marcelo Camilo | H10: 13.364.290-0 | I10: MERCEDES BENZ | J10: TAXIBUS | K10: LO915 - LO916 | N10: LO915 - LO916 | O10: 1 | P10: Generado | Q10: =IF(Tabla1[[#This Row],[evaluacion_]]="","",IF(Tabla1[[#This Row],[evaluacion_]]=1,"Habilitado","No Habilitado")) -> Habilitado | R10: =IF(Tabla1[[#This Row],[fecha]]="","",TEXT(Tabla1[[#This Row],[fecha]],"DMMAAAA")&TEXT(Tabla1[[#This Row],[hora]],"HHmm")) -> 50120261500 | S10: =_xlfn.CONCAT(Tabla1[[#This Row],[codigo_]],Tabla1[[#This Row],[correlativo_]]) -> 50120261500729 | T10: =DAY(E10) & " de " & TEXT(E10, "mmmm") & " del " & YEAR(E10) -> 5 de enero del 2026 | U10: =_xlfn.XLOOKUP(Tabla1[[#This Row],[instructor_2]],diccionario_!$A$1:$A$11,diccionario_!$D$1:$D$11,,0) -> Daniel Carvajal B. | V10: =TEXT(O10,"0%") -> 100% | W10: 27 de enero del 2026 a las 09:15
A11: 730 | B11: Daniel Rodrigo Carvajal Bucarey | C11: 10.528.715-1 | D11: P-8549-2359-004-V01 | E11: 46028 | F11: 0.66666667 | G11: Barrera Acevedo Marcelo Camilo | H11: 13.364.290-0 | I11: MERCEDES BENZ | J11: MINIBUS | K11: SPRINTER 315 – 415 – 515 – 517 4X2 | N11: SPRINTER 315 – 415 – 515 – 517 4X2 | O11: 1 | P11: Generado | Q11: =IF(Tabla1[[#This Row],[evaluacion_]]="","",IF(Tabla1[[#This Row],[evaluacion_]]=1,"Habilitado","No Habilitado")) -> Habilitado | R11: =IF(Tabla1[[#This Row],[fecha]]="","",TEXT(Tabla1[[#This Row],[fecha]],"DMMAAAA")&TEXT(Tabla1[[#This Row],[hora]],"HHmm")) -> 60120261600 | S11: =_xlfn.CONCAT(Tabla1[[#This Row],[codigo_]],Tabla1[[#This Row],[correlativo_]]) -> 60120261600730 | T11: =DAY(E11) & " de " & TEXT(E11, "mmmm") & " del " & YEAR(E11) -> 6 de enero del 2026 | U11: =_xlfn.XLOOKUP(Tabla1[[#This Row],[instructor_2]],diccionario_!$A$1:$A$11,diccionario_!$D$1:$D$11,,0) -> Daniel Carvajal B. | V11: =TEXT(O11,"0%") -> 100% | W11: 27 de enero del 2026 a las 09:15
A12: 731 | B12: Daniel Rodrigo Carvajal Bucarey | C12: 10.528.715-1 | D12: P-8549-2359-004-V01 | E12: 46028 | F12: 0.66666667 | G12: Barrera Acevedo Marcelo Camilo | H12: 13.364.290-0 | I12: MERCEDES BENZ | J12: BUS 1 PISO | K12: O500 RS - OC500 RF | N12: O500 RS - OC500 RF | O12: 1 | P12: Generado | Q12: =IF(Tabla1[[#This Row],[evaluacion_]]="","",IF(Tabla1[[#This Row],[evaluacion_]]=1,"Habilitado","No Habilitado")) -> Habilitado | R12: =IF(Tabla1[[#This Row],[fecha]]="","",TEXT(Tabla1[[#This Row],[fecha]],"DMMAAAA")&TEXT(Tabla1[[#This Row],[hora]],"HHmm")) -> 60120261600 | S12: =_xlfn.CONCAT(Tabla1[[#This Row],[codigo_]],Tabla1[[#This Row],[correlativo_]]) -> 60120261600731 | T12: =DAY(E12) & " de " & TEXT(E12, "mmmm") & " del " & YEAR(E12) -> 6 de enero del 2026 | U12: =_xlfn.XLOOKUP(Tabla1[[#This Row],[instructor_2]],diccionario_!$A$1:$A$11,diccionario_!$D$1:$D$11,,0) -> Daniel Carvajal B. | V12: =TEXT(O12,"0%") -> 100% | W12: 27 de enero del 2026 a las 09:15
A13: 732 | B13: Daniel Rodrigo Carvajal Bucarey | C13: 10.528.715-1 | D13: P-8549-2359-004-V01 | E13: 46028 | F13: 0.75 | G13: Barrera Acevedo Marcelo Camilo | H13: 13.364.290-0 | I13: ZHONG TONG | J13: BUS 1 PISO | K13: ZT LCK6129EV | N13: ZT LCK6129EV | O13: 1 | P13: Generado | Q13: =IF(Tabla1[[#This Row],[evaluacion_]]="","",IF(Tabla1[[#This Row],[evaluacion_]]=1,"Habilitado","No Habilitado")) -> Habilitado | R13: =IF(Tabla1[[#This Row],[fecha]]="","",TEXT(Tabla1[[#This Row],[fecha]],"DMMAAAA")&TEXT(Tabla1[[#This Row],[hora]],"HHmm")) -> 60120261800 | S13: =_xlfn.CONCAT(Tabla1[[#This Row],[codigo_]],Tabla1[[#This Row],[correlativo_]]) -> 60120261800732 | T13: =DAY(E13) & " de " & TEXT(E13, "mmmm") & " del " & YEAR(E13) -> 6 de enero del 2026 | U13: =_xlfn.XLOOKUP(Tabla1[[#This Row],[instructor_2]],diccionario_!$A$1:$A$11,diccionario_!$D$1:$D$11,,0) -> Daniel Carvajal B. | V13: =TEXT(O13,"0%") -> 100% | W13: 27 de enero del 2026 a las 09:15
A14: 733 | B14: Daniel Rodrigo Carvajal Bucarey | C14: 10.528.715-1 | D14: P-8549-2359-004-V01 | E14: 46029 | F14: 0.75 | G14: Barrera Acevedo Marcelo Camilo | H14: 13.364.290-0 | I14: SCANIA | J14: BUS 1 PISO | K14: K 360 IB | N14: K 360 IB | O14: información de calificación errónea | P14: Generado | Q14: =IF(Tabla1[[#This Row],[evaluacion_]]="","",IF(Tabla1[[#This Row],[evaluacion_]]=1,"Habilitado","No Habilitado")) -> No Habilitado | R14: =IF(Tabla1[[#This Row],[fecha]]="","",TEXT(Tabla1[[#This Row],[fecha]],"DMMAAAA")&TEXT(Tabla1[[#This Row],[hora]],"HHmm")) -> 70120261800 | S14: =_xlfn.CONCAT(Tabla1[[#This Row],[codigo_]],Tabla1[[#This Row],[correlativo_]]) -> 70120261800733 | T14: =DAY(E14) & " de " & TEXT(E14, "mmmm") & " del " & YEAR(E14) -> 7 de enero del 2026 | U14: =_xlfn.XLOOKUP(Tabla1[[#This Row],[instructor_2]],diccionario_!$A$1:$A$11,diccionario_!$D$1:$D$11,,0) -> Daniel Carvajal B. | V14: =TEXT(O14,"0%") -> información de calificación errónea | W14: 27 de enero del 2026 a las 09:15
A15: 734 | B15: Milla Miranda Guillermo Andres | C15: 15.325.100-2 | D15: P-8549-2359-004-V01 | E15: 46045 | F15: 0.75 | G15: Romero Palma Rodrigo Eugenio | H15: 12.774.701-6 | I15: MERCEDES BENZ | J15: BUS 1 PISO | K15: O500 RS - OC500 RF | L15: SPRINTER 315 – 415 – 515 – 517 4X2 | M15: SPRINTER 516 4x4 | N15: O500 RS - OC500 RF - SPRINTER 315 – 415 – 515 – 517 4X2 - SPRINTER 516 4x4 | O15: 1 | P15: Generado | Q15: =IF(Tabla1[[#This Row],[evaluacion_]]="","",IF(Tabla1[[#This Row],[evaluacion_]]=1,"Habilitado","No Habilitado")) -> Habilitado | R15: =IF(Tabla1[[#This Row],[fecha]]="","",TEXT(Tabla1[[#This Row],[fecha]],"DMMAAAA")&TEXT(Tabla1[[#This Row],[hora]],"HHmm")) -> 230120261800 | S15: =_xlfn.CONCAT(Tabla1[[#This Row],[codigo_]],Tabla1[[#This Row],[correlativo_]]) -> 230120261800734 | T15: =DAY(E15) & " de " & TEXT(E15, "mmmm") & " del " & YEAR(E15) -> 23 de enero del 2026 | U15: =_xlfn.XLOOKUP(Tabla1[[#This Row],[instructor_2]],diccionario_!$A$1:$A$11,diccionario_!$D$1:$D$11,,0) -> Guillermo Milla M. | V15: =TEXT(O15,"0%") -> 100% | W15: 27 de enero del 2026 a las 11:06
A16: 735 | B16: Milla Miranda Guillermo Andres | C16: 15.325.100-2 | D16: P-8549-2359-004-V01 | E16: 46045 | F16: 0.75 | G16: Romero Palma Rodrigo Eugenio | H16: 12.774.701-6 | I16: SCANIA | J16: BUS 1 PISO | K16: K 360 IB | N16: K 360 IB | O16: 1 | P16: Generado | Q16: =IF(Tabla1[[#This Row],[evaluacion_]]="","",IF(Tabla1[[#This Row],[evaluacion_]]=1,"Habilitado","No Habilitado")) -> Habilitado | R16: =IF(Tabla1[[#This Row],[fecha]]="","",TEXT(Tabla1[[#This Row],[fecha]],"DMMAAAA")&TEXT(Tabla1[[#This Row],[hora]],"HHmm")) -> 230120261800 | S16: =_xlfn.CONCAT(Tabla1[[#This Row],[codigo_]],Tabla1[[#This Row],[correlativo_]]) -> 230120261800735 | T16: =DAY(E16) & " de " & TEXT(E16, "mmmm") & " del " & YEAR(E16) -> 23 de enero del 2026 | U16: =_xlfn.XLOOKUP(Tabla1[[#This Row],[instructor_2]],diccionario_!$A$1:$A$11,diccionario_!$D$1:$D$11,,0) -> Guillermo Milla M. | V16: =TEXT(O16,"0%") -> 100% | W16: 27 de enero del 2026 a las 11:06
A17: 736 | B17: Milla Miranda Guillermo Andres | C17: 15.325.100-2 | D17: P-8549-2359-004-V01 | E17: 46045 | F17: 0.75 | G17: Romero Palma Rodrigo Eugenio | H17: 12.774.701-6 | I17: MERCEDES BENZ | J17: BUS 1 PISO | K17: O500 RS - OC500 RF | L17: SPRINTER 315 – 415 – 515 – 517 4X2 | M17: SPRINTER 516 4x4 | N17: O500 RS - OC500 RF - SPRINTER 315 – 415 – 515 – 517 4X2 - SPRINTER 516 4x4 | O17: 1 | P17: Generado | Q17: =IF(Tabla1[[#This Row],[evaluacion_]]="","",IF(Tabla1[[#This Row],[evaluacion_]]=1,"Habilitado","No Habilitado")) -> Habilitado | R17: =IF(Tabla1[[#This Row],[fecha]]="","",TEXT(Tabla1[[#This Row],[fecha]],"DMMAAAA")&TEXT(Tabla1[[#This Row],[hora]],"HHmm")) -> 230120261800 | S17: =_xlfn.CONCAT(Tabla1[[#This Row],[codigo_]],Tabla1[[#This Row],[correlativo_]]) -> 230120261800736 | T17: =DAY(E17) & " de " & TEXT(E17, "mmmm") & " del " & YEAR(E17) -> 23 de enero del 2026 | U17: =_xlfn.XLOOKUP(Tabla1[[#This Row],[instructor_2]],diccionario_!$A$1:$A$11,diccionario_!$D$1:$D$11,,0) -> Guillermo Milla M. | V17: =TEXT(O17,"0%") -> 100% | W17: 27 de enero del 2026 a las 11:20
A18: 737 | B18: Milla Miranda Guillermo Andres | C18: 15.325.100-2 | D18: P-8549-2359-004-V01 | E18: 46045 | F18: 0.75 | G18: Romero Palma Rodrigo Eugenio | H18: 12.774.701-6 | I18: SCANIA | J18: BUS 1 PISO | K18: K 360 IB | N18: K 360 IB | O18: 1 | P18: Generado | Q18: =IF(Tabla1[[#This Row],[evaluacion_]]="","",IF(Tabla1[[#This Row],[evaluacion_]]=1,"Habilitado","No Habilitado")) -> Habilitado | R18: =IF(Tabla1[[#This Row],[fecha]]="","",TEXT(Tabla1[[#This Row],[fecha]],"DMMAAAA")&TEXT(Tabla1[[#This Row],[hora]],"HHmm")) -> 230120261800 | S18: =_xlfn.CONCAT(Tabla1[[#This Row],[codigo_]],Tabla1[[#This Row],[correlativo_]]) -> 230120261800737 | T18: =DAY(E18) & " de " & TEXT(E18, "mmmm") & " del " & YEAR(E18) -> 23 de enero del 2026 | U18: =_xlfn.XLOOKUP(Tabla1[[#This Row],[instructor_2]],diccionario_!$A$1:$A$11,diccionario_!$D$1:$D$11,,0) -> Guillermo Milla M. | V18: =TEXT(O18,"0%") -> 100% | W18: 27 de enero del 2026 a las 11:21
A19: 738 | B19: Milla Miranda Guillermo Andres | C19: 15.325.100-2 | D19: P-8549-2359-004-V01 | E19: 46049 | F19: 0.4875 | G19: Villagran Latoja Thania Andrea | H19: 19.176.738-1 | I19: MERCEDES BENZ | J19: BUS 1 PISO | K19: O500 RS - OC500 RF | L19: O500 RS - OC500 RF | M19: O500 RS-D | N19: O500 RS - OC500 RF - O500 RS - OC500 RF - O500 RS-D | O19: 1 | P19: Generado | Q19: =IF(Tabla1[[#This Row],[evaluacion_]]="","",IF(Tabla1[[#This Row],[evaluacion_]]=1,"Habilitado","No Habilitado")) -> Habilitado | R19: =IF(Tabla1[[#This Row],[fecha]]="","",TEXT(Tabla1[[#This Row],[fecha]],"DMMAAAA")&TEXT(Tabla1[[#This Row],[hora]],"HHmm")) -> 270120261142 | S19: =_xlfn.CONCAT(Tabla1[[#This Row],[codigo_]],Tabla1[[#This Row],[correlativo_]]) -> 270120261142738 | T19: =DAY(E19) & " de " & TEXT(E19, "mmmm") & " del " & YEAR(E19) -> 27 de enero del 2026 | U19: =_xlfn.XLOOKUP(Tabla1[[#This Row],[instructor_2]],diccionario_!$A$1:$A$11,diccionario_!$D$1:$D$11,,0) -> Guillermo Milla M. | V19: =TEXT(O19,"0%") -> 100% | W19: 27 de enero del 2026 a las 11:43
A20: 739 | B20: Milla Miranda Guillermo Andres | C20: 15.325.100-2 | D20: P-8549-2359-004-V01 | E20: 46040 | F20: 0.41666667 | G20: Flores Contreras Rubén Darío | H20: 12.834.564-7 | I20: MERCEDES BENZ | J20: BUS 2 PISOS | K20: O500 RS - OC500 RF | L20: O500 RS-D | M20: SPRINTER 315 – 415 – 515 – 517 4X2 | N20: O500 RS - OC500 RF - O500 RS-D - SPRINTER 315 – 415 – 515 – 517 4X2 | O20: 1 | P20: Generado | Q20: =IF(Tabla1[[#This Row],[evaluacion_]]="","",IF(Tabla1[[#This Row],[evaluacion_]]=1,"Habilitado","No Habilitado")) -> Habilitado | R20: =IF(Tabla1[[#This Row],[fecha]]="","",TEXT(Tabla1[[#This Row],[fecha]],"DMMAAAA")&TEXT(Tabla1[[#This Row],[hora]],"HHmm")) -> 180120261000 | S20: =_xlfn.CONCAT(Tabla1[[#This Row],[codigo_]],Tabla1[[#This Row],[correlativo_]]) -> 180120261000739 | T20: =DAY(E20) & " de " & TEXT(E20, "mmmm") & " del " & YEAR(E20) -> 18 de enero del 2026 | U20: =_xlfn.XLOOKUP(Tabla1[[#This Row],[instructor_2]],diccionario_!$A$1:$A$11,diccionario_!$D$1:$D$11,,0) -> Guillermo Milla M. | V20: =TEXT(O20,"0%") -> 100% | W20: 28 de enero del 2026 a las 08:39
A21: 740 | B21: Milla Miranda Guillermo Andres | C21: 15.325.100-2 | D21: P-8549-2359-004-V01 | E21: 46040 | F21: 0.41666667 | G21: Flores Contreras Rubén Darío | H21: 12.834.564-7 | I21: SCANIA | J21: BUS 2 PISOS | K21: K 360 IB | L21: K 400 IB | M21: K 440 IB | N21: K 360 IB - K 400 IB - K 440 IB | O21: 1 | P21: Generado | Q21: =IF(Tabla1[[#This Row],[evaluacion_]]="","",IF(Tabla1[[#This Row],[evaluacion_]]=1,"Habilitado","No Habilitado")) -> Habilitado | R21: =IF(Tabla1[[#This Row],[fecha]]="","",TEXT(Tabla1[[#This Row],[fecha]],"DMMAAAA")&TEXT(Tabla1[[#This Row],[hora]],"HHmm")) -> 180120261000 | S21: =_xlfn.CONCAT(Tabla1[[#This Row],[codigo_]],Tabla1[[#This Row],[correlativo_]]) -> 180120261000740 | T21: =DAY(E21) & " de " & TEXT(E21, "mmmm") & " del " & YEAR(E21) -> 18 de enero del 2026 | U21: =_xlfn.XLOOKUP(Tabla1[[#This Row],[instructor_2]],diccionario_!$A$1:$A$11,diccionario_!$D$1:$D$11,,0) -> Guillermo Milla M. | V21: =TEXT(O21,"0%") -> 100% | W21: 28 de enero del 2026 a las 08:39
A22: 741 | B22: Marcelo Camilo Barrera Acevedo | C22: 13.364.290-0 | D22: P-8549-2359-004-V01 | E22: 46040 | F22: 0.41666667 | G22: Flores Contreras Rubén Darío | H22: 12.834.564-7 | I22: VOLVO | J22: BUS 2 PISOS | K22: B 420R - B 430R | L22: B 450R | N22: B 420R - B 430R - B 450R | O22: 1 | P22: Generado | Q22: =IF(Tabla1[[#This Row],[evaluacion_]]="","",IF(Tabla1[[#This Row],[evaluacion_]]=1,"Habilitado","No Habilitado")) -> Habilitado | R22: =IF(Tabla1[[#This Row],[fecha]]="","",TEXT(Tabla1[[#This Row],[fecha]],"DMMAAAA")&TEXT(Tabla1[[#This Row],[hora]],"HHmm")) -> 180120261000 | S22: =_xlfn.CONCAT(Tabla1[[#This Row],[codigo_]],Tabla1[[#This Row],[correlativo_]]) -> 180120261000741 | T22: =DAY(E22) & " de " & TEXT(E22, "mmmm") & " del " & YEAR(E22) -> 18 de enero del 2026 | U22: =_xlfn.XLOOKUP(Tabla1[[#This Row],[instructor_2]],diccionario_!$A$1:$A$11,diccionario_!$D$1:$D$11,,0) -> Marcelo Barrera A. | V22: =TEXT(O22,"0%") -> 100% | W22: 28 de enero del 2026 a las 08:39
A23: 742 | B23: Gilberto Leonardo Urtubia Carvajal | C23: 9.249.626-0 | D23: P-8549-2359-004-V01 | E23: 46048 | F23: 0.70833333 | G23: Herrera Bustos Waldo Andrés | H23: 140000 | I23: MERCEDES BENZ | J23: MINIBUS | K23: SPRINTER 315 – 415 – 515 – 517 4X2 | N23: SPRINTER 315 – 415 – 515 – 517 4X2 | O23: 1 | P23: Generado | Q23: =IF(Tabla1[[#This Row],[evaluacion_]]="","",IF(Tabla1[[#This Row],[evaluacion_]]=1,"Habilitado","No Habilitado")) -> Habilitado | R23: =IF(Tabla1[[#This Row],[fecha]]="","",TEXT(Tabla1[[#This Row],[fecha]],"DMMAAAA")&TEXT(Tabla1[[#This Row],[hora]],"HHmm")) -> 260120261700 | S23: =_xlfn.CONCAT(Tabla1[[#This Row],[codigo_]],Tabla1[[#This Row],[correlativo_]]) -> 260120261700742 | T23: =DAY(E23) & " de " & TEXT(E23, "mmmm") & " del " & YEAR(E23) -> 26 de enero del 2026 | U23: =_xlfn.XLOOKUP(Tabla1[[#This Row],[instructor_2]],diccionario_!$A$1:$A$11,diccionario_!$D$1:$D$11,,0) -> Gilerto Urtubia C. | V23: =TEXT(O23,"0%") -> 100% | W23: 28 de enero del 2026 a las 16:40
A24: 743 | B24: Gilberto Leonardo Urtubia Carvajal | C24: 9.249.626-0 | D24: P-8549-2359-004-V01 | E24: 46048 | F24: 0.72916667 | G24: Villanueva Donoso Leonardo Felipe | H24: 17.300.054-5 | I24: MERCEDES BENZ | J24: MINIBUS | K24: SPRINTER 315 – 415 – 515 – 517 4X2 | N24: SPRINTER 315 – 415 – 515 – 517 4X2 | O24: 1 | P24: Generado | Q24: =IF(Tabla1[[#This Row],[evaluacion_]]="","",IF(Tabla1[[#This Row],[evaluacion_]]=1,"Habilitado","No Habilitado")) -> Habilitado | R24: =IF(Tabla1[[#This Row],[fecha]]="","",TEXT(Tabla1[[#This Row],[fecha]],"DMMAAAA")&TEXT(Tabla1[[#This Row],[hora]],"HHmm")) -> 260120261730 | S24: =_xlfn.CONCAT(Tabla1[[#This Row],[codigo_]],Tabla1[[#This Row],[correlativo_]]) -> 260120261730743 | T24: =DAY(E24) & " de " & TEXT(E24, "mmmm") & " del " & YEAR(E24) -> 26 de enero del 2026 | U24: =_xlfn.XLOOKUP(Tabla1[[#This Row],[instructor_2]],diccionario_!$A$1:$A$11,diccionario_!$D$1:$D$11,,0) -> Gilerto Urtubia C. | V24: =TEXT(O24,"0%") -> 100% | W24: 28 de enero del 2026 a las 16:40
A25: 744 | B25: Marcelo Camilo Barrera Acevedo | C25: 13.364.290-0 | D25: P-8549-2359-004-V01 | E25: 46051 | F25: 0.54166667 | G25: Barraza La Fuente Alejandro Marcelo | H25: 12.581.334-8 | I25: MERCEDES BENZ | J25: MINIBUS | K25: SPRINTER 315 – 415 – 515 – 517 4X2 | N25: SPRINTER 315 – 415 – 515 – 517 4X2 | O25: 1 | P25: Generado | Q25: =IF(Tabla1[[#This Row],[evaluacion_]]="","",IF(Tabla1[[#This Row],[evaluacion_]]=1,"Habilitado","No Habilitado")) -> Habilitado | R25: =IF(Tabla1[[#This Row],[fecha]]="","",TEXT(Tabla1[[#This Row],[fecha]],"DMMAAAA")&TEXT(Tabla1[[#This Row],[hora]],"HHmm")) -> 290120261300 | S25: =_xlfn.CONCAT(Tabla1[[#This Row],[codigo_]],Tabla1[[#This Row],[correlativo_]]) -> 290120261300744 | T25: =DAY(E25) & " de " & TEXT(E25, "mmmm") & " del " & YEAR(E25) -> 29 de enero del 2026 | U25: =_xlfn.XLOOKUP(Tabla1[[#This Row],[instructor_2]],diccionario_!$A$1:$A$11,diccionario_!$D$1:$D$11,,0) -> Marcelo Barrera A. | V25: =TEXT(O25,"0%") -> 100% | W25: 29 de enero del 2026 a las 13:28
A26: 745 | B26: Marcelo Camilo Barrera Acevedo | C26: 13.364.290-0 | D26: P-8549-2359-004-V01 | E26: 46051 | F26: 0.55902778 | G26: Valenzuela Lopez Waldo Elias | H26: 14.526.798-6 | I26: MERCEDES BENZ | J26: MINIBUS | K26: SPRINTER 315 – 415 – 515 – 517 4X2 | N26: SPRINTER 315 – 415 – 515 – 517 4X2 | O26: 1 | P26: Generado | Q26: =IF(Tabla1[[#This Row],[evaluacion_]]="","",IF(Tabla1[[#This Row],[evaluacion_]]=1,"Habilitado","No Habilitado")) -> Habilitado | R26: =IF(Tabla1[[#This Row],[fecha]]="","",TEXT(Tabla1[[#This Row],[fecha]],"DMMAAAA")&TEXT(Tabla1[[#This Row],[hora]],"HHmm")) -> 290120261325 | S26: =_xlfn.CONCAT(Tabla1[[#This Row],[codigo_]],Tabla1[[#This Row],[correlativo_]]) -> 290120261325745 | T26: =DAY(E26) & " de " & TEXT(E26, "mmmm") & " del " & YEAR(E26) -> 29 de enero del 2026 | U26: =_xlfn.XLOOKUP(Tabla1[[#This Row],[instructor_2]],diccionario_!$A$1:$A$11,diccionario_!$D$1:$D$11,,0) -> Marcelo Barrera A. | V26: =TEXT(O26,"0%") -> 100% | W26: 29 de enero del 2026 a las 13:28
A27: 746 | B27: Marcelo Camilo Barrera Acevedo | C27: 13.364.290-0 | D27: P-8549-2359-004-V01 | E27: 46058 | F27: 0.41666667 | G27: Molina Hidalgo Cristian Freddy | H27: 14.109.054-2 | I27: MERCEDES BENZ | J27: MINIBUS | K27: SPRINTER 315 – 415 – 515 – 517 4X2 | N27: SPRINTER 315 – 415 – 515 – 517 4X2 | O27: 1 | P27: Generado | Q27: =IF(Tabla1[[#This Row],[evaluacion_]]="","",IF(Tabla1[[#This Row],[evaluacion_]]=1,"Habilitado","No Habilitado")) -> Habilitado | R27: =IF(Tabla1[[#This Row],[fecha]]="","",TEXT(Tabla1[[#This Row],[fecha]],"DMMAAAA")&TEXT(Tabla1[[#This Row],[hora]],"HHmm")) -> 50220261000 | S27: =_xlfn.CONCAT(Tabla1[[#This Row],[codigo_]],Tabla1[[#This Row],[correlativo_]]) -> 50220261000746 | T27: =DAY(E27) & " de " & TEXT(E27, "mmmm") & " del " & YEAR(E27) -> 5 de febrero del 2026 | U27: =_xlfn.XLOOKUP(Tabla1[[#This Row],[instructor_2]],diccionario_!$A$1:$A$11,diccionario_!$D$1:$D$11,,0) -> Marcelo Barrera A. | V27: =TEXT(O27,"0%") -> 100% | W27: 5 de febrero del 2026 a las 10:08
A28: 747 | B28: Marcelo Camilo Barrera Acevedo | C28: 13.364.290-0 | D28: P-8549-2359-004-V01 | E28: 46064 | F28: 0.5 | G28: Sanquea Bahamondes Jaime Alberto | H28: 10.751.704-9 | I28: SCANIA | J28: BUS 1 PISO | K28: K 360 IB | N28: K 360 IB | O28: 1 | P28: Generado | Q28: =IF(Tabla1[[#This Row],[evaluacion_]]="","",IF(Tabla1[[#This Row],[evaluacion_]]=1,"Habilitado","No Habilitado")) -> Habilitado | R28: =IF(Tabla1[[#This Row],[fecha]]="","",TEXT(Tabla1[[#This Row],[fecha]],"DMMAAAA")&TEXT(Tabla1[[#This Row],[hora]],"HHmm")) -> 110220261200 | S28: =_xlfn.CONCAT(Tabla1[[#This Row],[codigo_]],Tabla1[[#This Row],[correlativo_]]) -> 110220261200747 | T28: =DAY(E28) & " de " & TEXT(E28, "mmmm") & " del " & YEAR(E28) -> 11 de febrero del 2026 | U28: =_xlfn.XLOOKUP(Tabla1[[#This Row],[instructor_2]],diccionario_!$A$1:$A$11,diccionario_!$D$1:$D$11,,0) -> Marcelo Barrera A. | V28: =TEXT(O28,"0%") -> 100% | W28: 11 de febrero del 2026 a las 12:18
A29: 748 | B29: Marcelo Camilo Barrera Acevedo | C29: 13.364.290-0 | D29: P-8549-2359-004-V01 | E29: 46064 | F29: 0.49305556 | G29: Sanquea Bahamondes Jaime Alberto | H29: 10.751.704-9 | I29: MERCEDES BENZ | J29: TAXIBUS | K29: LO915 - LO916 | L29: SPRINTER 315 – 415 – 515 – 517 4X2 | N29: LO915 - LO916 - SPRINTER 315 – 415 – 515 – 517 4X2 | O29: 1 | P29: Generado | Q29: =IF(Tabla1[[#This Row],[evaluacion_]]="","",IF(Tabla1[[#This Row],[evaluacion_]]=1,"Habilitado","No Habilitado")) -> Habilitado | R29: =IF(Tabla1[[#This Row],[fecha]]="","",TEXT(Tabla1[[#This Row],[fecha]],"DMMAAAA")&TEXT(Tabla1[[#This Row],[hora]],"HHmm")) -> 110220261150 | S29: =_xlfn.CONCAT(Tabla1[[#This Row],[codigo_]],Tabla1[[#This Row],[correlativo_]]) -> 110220261150748 | T29: =DAY(E29) & " de " & TEXT(E29, "mmmm") & " del " & YEAR(E29) -> 11 de febrero del 2026 | U29: =_xlfn.XLOOKUP(Tabla1[[#This Row],[instructor_2]],diccionario_!$A$1:$A$11,diccionario_!$D$1:$D$11,,0) -> Marcelo Barrera A. | V29: =TEXT(O29,"0%") -> 100% | W29: 11 de febrero del 2026 a las 12:18
A30: 749 | B30: Marcelo Camilo Barrera Acevedo | C30: 13.364.290-0 | D30: P-8549-2359-004-V01 | E30: 46063 | F30: 0.75 | G30: Sanquea Bahamondes Jaime Alberto | H30: 10.751.704-9 | I30: MERCEDES BENZ | J30: BUS 1 PISO | K30: O500 RS - OC500 RF | N30: O500 RS - OC500 RF | O30: 1 | P30: Generado | Q30: =IF(Tabla1[[#This Row],[evaluacion_]]="","",IF(Tabla1[[#This Row],[evaluacion_]]=1,"Habilitado","No Habilitado")) -> Habilitado | R30: =IF(Tabla1[[#This Row],[fecha]]="","",TEXT(Tabla1[[#This Row],[fecha]],"DMMAAAA")&TEXT(Tabla1[[#This Row],[hora]],"HHmm")) -> 100220261800 | S30: =_xlfn.CONCAT(Tabla1[[#This Row],[codigo_]],Tabla1[[#This Row],[correlativo_]]) -> 100220261800749 | T30: =DAY(E30) & " de " & TEXT(E30, "mmmm") & " del " & YEAR(E30) -> 10 de febrero del 2026 | U30: =_xlfn.XLOOKUP(Tabla1[[#This Row],[instructor_2]],diccionario_!$A$1:$A$11,diccionario_!$D$1:$D$11,,0) -> Marcelo Barrera A. | V30: =TEXT(O30,"0%") -> 100% | W30: 11 de febrero del 2026 a las 12:18
A31: 750 | O31: 1 | P31: Generado | Q31: =IF(Tabla1[[#This Row],[evaluacion_]]="","",IF(Tabla1[[#This Row],[evaluacion_]]=1,"Habilitado","No Habilitado")) -> Habilitado | R31: =IF(Tabla1[[#This Row],[fecha]]="","",TEXT(Tabla1[[#This Row],[fecha]],"DMMAAAA")&TEXT(Tabla1[[#This Row],[hora]],"HHmm")) | S31: =_xlfn.CONCAT(Tabla1[[#This Row],[codigo_]],Tabla1[[#This Row],[correlativo_]]) -> 750 | T31: =DAY(E31) & " de " & TEXT(E31, "mmmm") & " del " & YEAR(E31) -> 0 de enero del 1900 | U31: =_xlfn.XLOOKUP(Tabla1[[#This Row],[instructor_2]],diccionario_!$A$1:$A$11,diccionario_!$D$1:$D$11,,0) -> 0 | V31: =TEXT(O31,"0%") -> 100% | W31: 12 de febrero del 2026 a las 09:05
A32: 751 | B32: Daniel Rodrigo Carvajal Bucarey | C32: 10.528.715-1 | D32: P-8549-2359-004-V01 | E32: 45988 | F32: 0.71180556 | G32: Fredes Leguás Claudio Andrés | H32: 14.544.485-3 | I32: MERCEDES BENZ | J32: BUS 1 PISO | K32: O500 RS - OC500 RF | N32: O500 RS - OC500 RF | O32: 1 | P32: Generado | Q32: =IF(Tabla1[[#This Row],[evaluacion_]]="","",IF(Tabla1[[#This Row],[evaluacion_]]=1,"Habilitado","No Habilitado")) -> Habilitado | R32: =IF(Tabla1[[#This Row],[fecha]]="","",TEXT(Tabla1[[#This Row],[fecha]],"DMMAAAA")&TEXT(Tabla1[[#This Row],[hora]],"HHmm")) -> 271120251705 | S32: =_xlfn.CONCAT(Tabla1[[#This Row],[codigo_]],Tabla1[[#This Row],[correlativo_]]) -> 271120251705751 | T32: =DAY(E32) & " de " & TEXT(E32, "mmmm") & " del " & YEAR(E32) -> 27 de noviembre del 2025 | U32: =_xlfn.XLOOKUP(Tabla1[[#This Row],[instructor_2]],diccionario_!$A$1:$A$11,diccionario_!$D$1:$D$11,,0) -> Daniel Carvajal B. | V32: =TEXT(O32,"0%") -> 100% | W32: 12 de febrero del 2026 a las 09:05
A33: 752 | B33: Daniel Rodrigo Carvajal Bucarey | C33: 10.528.715-1 | D33: P-8549-2359-004-V01 | O33: información de calificación errónea | P33: Generado | Q33: =IF(Tabla1[[#This Row],[evaluacion_]]="","",IF(Tabla1[[#This Row],[evaluacion_]]=1,"Habilitado","No Habilitado")) -> No Habilitado | R33: =IF(Tabla1[[#This Row],[fecha]]="","",TEXT(Tabla1[[#This Row],[fecha]],"DMMAAAA")&TEXT(Tabla1[[#This Row],[hora]],"HHmm")) | S33: =_xlfn.CONCAT(Tabla1[[#This Row],[codigo_]],Tabla1[[#This Row],[correlativo_]]) -> 752 | T33: =DAY(E33) & " de " & TEXT(E33, "mmmm") & " del " & YEAR(E33) -> 0 de enero del 1900 | U33: =_xlfn.XLOOKUP(Tabla1[[#This Row],[instructor_2]],diccionario_!$A$1:$A$11,diccionario_!$D$1:$D$11,,0) -> Daniel Carvajal B. | V33: =TEXT(O33,"0%") -> información de calificación errónea | W33: 12 de febrero del 2026 a las 09:05
A34: 753 | B34: Daniel Rodrigo Carvajal Bucarey | C34: 10.528.715-1 | D34: P-8549-2359-004-V01 | E34: 45981 | F34: 0.72638889 | G34: Poblete Corvetto Danilo Eduardo | H34: 11.976.167-0 | I34: MERCEDES BENZ | J34: BUS 1 PISO | K34: O500 RS - OC500 RF | N34: O500 RS - OC500 RF | O34: 1 | P34: Generado | Q34: =IF(Tabla1[[#This Row],[evaluacion_]]="","",IF(Tabla1[[#This Row],[evaluacion_]]=1,"Habilitado","No Habilitado")) -> Habilitado | R34: =IF(Tabla1[[#This Row],[fecha]]="","",TEXT(Tabla1[[#This Row],[fecha]],"DMMAAAA")&TEXT(Tabla1[[#This Row],[hora]],"HHmm")) -> 201120251726 | S34: =_xlfn.CONCAT(Tabla1[[#This Row],[codigo_]],Tabla1[[#This Row],[correlativo_]]) -> 201120251726753 | T34: =DAY(E34) & " de " & TEXT(E34, "mmmm") & " del " & YEAR(E34) -> 20 de noviembre del 2025 | U34: =_xlfn.XLOOKUP(Tabla1[[#This Row],[instructor_2]],diccionario_!$A$1:$A$11,diccionario_!$D$1:$D$11,,0) -> Daniel Carvajal B. | V34: =TEXT(O34,"0%") -> 100% | W34: 12 de febrero del 2026 a las 09:13
A35: 754 | B35: Daniel Rodrigo Carvajal Bucarey | C35: 10.528.715-1 | D35: P-8549-2359-004-V01 | E35: 45988 | F35: 0.60416667 | G35: Flores Soza Alejandra Andrea | H35: 13.910.562-1 | I35: MERCEDES BENZ | J35: BUS 1 PISO | K35: O500 RS - OC500 RF | N35: O500 RS - OC500 RF | O35: 1 | P35: Generado | Q35: =IF(Tabla1[[#This Row],[evaluacion_]]="","",IF(Tabla1[[#This Row],[evaluacion_]]=1,"Habilitado","No Habilitado")) -> Habilitado | R35: =IF(Tabla1[[#This Row],[fecha]]="","",TEXT(Tabla1[[#This Row],[fecha]],"DMMAAAA")&TEXT(Tabla1[[#This Row],[hora]],"HHmm")) -> 271120251430 | S35: =_xlfn.CONCAT(Tabla1[[#This Row],[codigo_]],Tabla1[[#This Row],[correlativo_]]) -> 271120251430754 | T35: =DAY(E35) & " de " & TEXT(E35, "mmmm") & " del " & YEAR(E35) -> 27 de noviembre del 2025 | U35: =_xlfn.XLOOKUP(Tabla1[[#This Row],[instructor_2]],diccionario_!$A$1:$A$11,diccionario_!$D$1:$D$11,,0) -> Daniel Carvajal B. | V35: =TEXT(O35,"0%") -> 100% | W35: 12 de febrero del 2026 a las 09:18
A36: 755 | B36: Daniel Rodrigo Carvajal Bucarey | C36: 10.528.715-1 | D36: P-8549-2359-004-V01 | E36: 45988 | F36: 0.65694444 | G36: Novoa Diaz Juan Carlos | H36: 12.112.770-9 | I36: MERCEDES BENZ | J36: BUS 1 PISO | K36: O500 RS - OC500 RF | N36: O500 RS - OC500 RF | O36: 1 | P36: Generado | Q36: =IF(Tabla1[[#This Row],[evaluacion_]]="","",IF(Tabla1[[#This Row],[evaluacion_]]=1,"Habilitado","No Habilitado")) -> Habilitado | R36: =IF(Tabla1[[#This Row],[fecha]]="","",TEXT(Tabla1[[#This Row],[fecha]],"DMMAAAA")&TEXT(Tabla1[[#This Row],[hora]],"HHmm")) -> 271120251546 | S36: =_xlfn.CONCAT(Tabla1[[#This Row],[codigo_]],Tabla1[[#This Row],[correlativo_]]) -> 271120251546755 | T36: =DAY(E36) & " de " & TEXT(E36, "mmmm") & " del " & YEAR(E36) -> 27 de noviembre del 2025 | U36: =_xlfn.XLOOKUP(Tabla1[[#This Row],[instructor_2]],diccionario_!$A$1:$A$11,diccionario_!$D$1:$D$11,,0) -> Daniel Carvajal B. | V36: =TEXT(O36,"0%") -> 100% | W36: 12 de febrero del 2026 a las 09:28
A37: 756 | B37: Daniel Rodrigo Carvajal Bucarey | C37: 10.528.715-1 | D37: P-8549-2359-004-V01 | E37: 45988 | F37: 0.64166667 | G37: Lopez Guzman Edbel Gerardo | H37: 25.468.926-2 | I37: MERCEDES BENZ | J37: BUS 1 PISO | K37: O500 RS - OC500 RF | N37: O500 RS - OC500 RF | O37: 1 | P37: Generado | Q37: =IF(Tabla1[[#This Row],[evaluacion_]]="","",IF(Tabla1[[#This Row],[evaluacion_]]=1,"Habilitado","No Habilitado")) -> Habilitado | R37: =IF(Tabla1[[#This Row],[fecha]]="","",TEXT(Tabla1[[#This Row],[fecha]],"DMMAAAA")&TEXT(Tabla1[[#This Row],[hora]],"HHmm")) -> 271120251524 | S37: =_xlfn.CONCAT(Tabla1[[#This Row],[codigo_]],Tabla1[[#This Row],[correlativo_]]) -> 271120251524756 | T37: =DAY(E37) & " de " & TEXT(E37, "mmmm") & " del " & YEAR(E37) -> 27 de noviembre del 2025 | U37: =_xlfn.XLOOKUP(Tabla1[[#This Row],[instructor_2]],diccionario_!$A$1:$A$11,diccionario_!$D$1:$D$11,,0) -> Daniel Carvajal B. | V37: =TEXT(O37,"0%") -> 100% | W37: 12 de febrero del 2026 a las 09:33
A38: 757 | B38: Daniel Rodrigo Carvajal Bucarey | C38: 10.528.715-1 | D38: P-8549-2359-004-V01 | E38: 45988 | F38: 0.62152778 | G38: Cornejo Pino Miguel Ángel | H38: 10.396.058-4 | I38: MERCEDES BENZ | J38: BUS 1 PISO | K38: O500 RS - OC500 RF | N38: O500 RS - OC500 RF | O38: 1 | P38: Generado | Q38: =IF(Tabla1[[#This Row],[evaluacion_]]="","",IF(Tabla1[[#This Row],[evaluacion_]]=1,"Habilitado","No Habilitado")) -> Habilitado | R38: =IF(Tabla1[[#This Row],[fecha]]="","",TEXT(Tabla1[[#This Row],[fecha]],"DMMAAAA")&TEXT(Tabla1[[#This Row],[hora]],"HHmm")) -> 271120251455 | S38: =_xlfn.CONCAT(Tabla1[[#This Row],[codigo_]],Tabla1[[#This Row],[correlativo_]]) -> 271120251455757 | T38: =DAY(E38) & " de " & TEXT(E38, "mmmm") & " del " & YEAR(E38) -> 27 de noviembre del 2025 | U38: =_xlfn.XLOOKUP(Tabla1[[#This Row],[instructor_2]],diccionario_!$A$1:$A$11,diccionario_!$D$1:$D$11,,0) -> Daniel Carvajal B. | V38: =TEXT(O38,"0%") -> 100% | W38: 12 de febrero del 2026 a las 09:36
A39: 758 | B39: Daniel Rodrigo Carvajal Bucarey | C39: 10.528.715-1 | D39: P-8549-2359-004-V01 | E39: 46003 | F39: 0.69305556 | G39: Tejero Rocha Jimmy Alexander | H39: 28.093.659-6 | I39: MERCEDES BENZ | J39: BUS 1 PISO | K39: O500 RS - OC500 RF | N39: O500 RS - OC500 RF | O39: 1 | P39: Generado | Q39: =IF(Tabla1[[#This Row],[evaluacion_]]="","",IF(Tabla1[[#This Row],[evaluacion_]]=1,"Habilitado","No Habilitado")) -> Habilitado | R39: =IF(Tabla1[[#This Row],[fecha]]="","",TEXT(Tabla1[[#This Row],[fecha]],"DMMAAAA")&TEXT(Tabla1[[#This Row],[hora]],"HHmm")) -> 121220251638 | S39: =_xlfn.CONCAT(Tabla1[[#This Row],[codigo_]],Tabla1[[#This Row],[correlativo_]]) -> 121220251638758 | T39: =DAY(E39) & " de " & TEXT(E39, "mmmm") & " del " & YEAR(E39) -> 12 de diciembre del 2025 | U39: =_xlfn.XLOOKUP(Tabla1[[#This Row],[instructor_2]],diccionario_!$A$1:$A$11,diccionario_!$D$1:$D$11,,0) -> Daniel Carvajal B. | V39: =TEXT(O39,"0%") -> 100% | W39: 12 de febrero del 2026 a las 09:38
A40: 759 | B40: Daniel Rodrigo Carvajal Bucarey | C40: 10.528.715-1 | D40: P-8549-2359-004-V01 | E40: 46003 | F40: 0.75 | G40: Conde Forero Hermes Ivan | H40: 27.437.890-5 | I40: MERCEDES BENZ | J40: BUS 1 PISO | K40: O500 RS - OC500 RF | N40: O500 RS - OC500 RF | O40: 1 | P40: Generado | Q40: =IF(Tabla1[[#This Row],[evaluacion_]]="","",IF(Tabla1[[#This Row],[evaluacion_]]=1,"Habilitado","No Habilitado")) -> Habilitado | R40: =IF(Tabla1[[#This Row],[fecha]]="","",TEXT(Tabla1[[#This Row],[fecha]],"DMMAAAA")&TEXT(Tabla1[[#This Row],[hora]],"HHmm")) -> 121220251800 | S40: =_xlfn.CONCAT(Tabla1[[#This Row],[codigo_]],Tabla1[[#This Row],[correlativo_]]) -> 121220251800759 | T40: =DAY(E40) & " de " & TEXT(E40, "mmmm") & " del " & YEAR(E40) -> 12 de diciembre del 2025 | U40: =_xlfn.XLOOKUP(Tabla1[[#This Row],[instructor_2]],diccionario_!$A$1:$A$11,diccionario_!$D$1:$D$11,,0) -> Daniel Carvajal B. | V40: =TEXT(O40,"0%") -> 100% | W40: 12 de febrero del 2026 a las 09:39
A41: 760 | B41: Daniel Rodrigo Carvajal Bucarey | C41: 10.528.715-1 | D41: P-8549-2359-004-V01 | E41: 45995 | F41: 0.74722222 | G41: De La Fuente Azúa Fernando Antonio | H41: 8.879.781-7 | I41: MERCEDES BENZ | J41: BUS 1 PISO | K41: O500 RS - OC500 RF | N41: O500 RS - OC500 RF | O41: 1 | P41: Generado | Q41: =IF(Tabla1[[#This Row],[evaluacion_]]="","",IF(Tabla1[[#This Row],[evaluacion_]]=1,"Habilitado","No Habilitado")) -> Habilitado | R41: =IF(Tabla1[[#This Row],[fecha]]="","",TEXT(Tabla1[[#This Row],[fecha]],"DMMAAAA")&TEXT(Tabla1[[#This Row],[hora]],"HHmm")) -> 41220251756 | S41: =_xlfn.CONCAT(Tabla1[[#This Row],[codigo_]],Tabla1[[#This Row],[correlativo_]]) -> 41220251756760 | T41: =DAY(E41) & " de " & TEXT(E41, "mmmm") & " del " & YEAR(E41) -> 4 de diciembre del 2025 | U41: =_xlfn.XLOOKUP(Tabla1[[#This Row],[instructor_2]],diccionario_!$A$1:$A$11,diccionario_!$D$1:$D$11,,0) -> Daniel Carvajal B. | V41: =TEXT(O41,"0%") -> 100% | W41: 12 de febrero del 2026 a las 09:42
A42: 761 | B42: Daniel Rodrigo Carvajal Bucarey | C42: 10.528.715-1 | D42: P-8549-2359-004-V01 | E42: 46013 | F42: 0.73194444 | G42: Diaz Ávila Rene Enrique | H42: 12.406.832-0 | I42: MERCEDES BENZ | J42: BUS 1 PISO | K42: O500 RS - OC500 RF | N42: O500 RS - OC500 RF | O42: 1 | P42: Generado | Q42: =IF(Tabla1[[#This Row],[evaluacion_]]="","",IF(Tabla1[[#This Row],[evaluacion_]]=1,"Habilitado","No Habilitado")) -> Habilitado | R42: =IF(Tabla1[[#This Row],[fecha]]="","",TEXT(Tabla1[[#This Row],[fecha]],"DMMAAAA")&TEXT(Tabla1[[#This Row],[hora]],"HHmm")) -> 221220251734 | S42: =_xlfn.CONCAT(Tabla1[[#This Row],[codigo_]],Tabla1[[#This Row],[correlativo_]]) -> 221220251734761 | T42: =DAY(E42) & " de " & TEXT(E42, "mmmm") & " del " & YEAR(E42) -> 22 de diciembre del 2025 | U42: =_xlfn.XLOOKUP(Tabla1[[#This Row],[instructor_2]],diccionario_!$A$1:$A$11,diccionario_!$D$1:$D$11,,0) -> Daniel Carvajal B. | V42: =TEXT(O42,"0%") -> 100% | W42: 12 de febrero del 2026 a las 09:45
A43: 762 | B43: Daniel Rodrigo Carvajal Bucarey | C43: 10.528.715-1 | D43: P-8549-2359-004-V01 | E43: 46013 | F43: 0.69791667 | G43: Villanueva Rodriguez Francisco Javier | H43: 13.327.425-1 | I43: MERCEDES BENZ | J43: BUS 1 PISO | K43: O500 RS - OC500 RF | N43: O500 RS - OC500 RF | O43: 1 | P43: Generado | Q43: =IF(Tabla1[[#This Row],[evaluacion_]]="","",IF(Tabla1[[#This Row],[evaluacion_]]=1,"Habilitado","No Habilitado")) -> Habilitado | R43: =IF(Tabla1[[#This Row],[fecha]]="","",TEXT(Tabla1[[#This Row],[fecha]],"DMMAAAA")&TEXT(Tabla1[[#This Row],[hora]],"HHmm")) -> 221220251645 | S43: =_xlfn.CONCAT(Tabla1[[#This Row],[codigo_]],Tabla1[[#This Row],[correlativo_]]) -> 221220251645762 | T43: =DAY(E43) & " de " & TEXT(E43, "mmmm") & " del " & YEAR(E43) -> 22 de diciembre del 2025 | U43: =_xlfn.XLOOKUP(Tabla1[[#This Row],[instructor_2]],diccionario_!$A$1:$A$11,diccionario_!$D$1:$D$11,,0) -> Daniel Carvajal B. | V43: =TEXT(O43,"0%") -> 100% | W43: 12 de febrero del 2026 a las 09:47
A44: 763 | B44: Daniel Rodrigo Carvajal Bucarey | C44: 10.528.715-1 | D44: P-8549-2359-004-V01 | E44: 46010 | F44: 0.69791667 | G44: Soto Montalva Oscar Andrés | H44: 8.287.266-3 | I44: MERCEDES BENZ | J44: BUS 1 PISO | K44: O500 RS - OC500 RF | N44: O500 RS - OC500 RF | O44: 1 | P44: Generado | Q44: =IF(Tabla1[[#This Row],[evaluacion_]]="","",IF(Tabla1[[#This Row],[evaluacion_]]=1,"Habilitado","No Habilitado")) -> Habilitado | R44: =IF(Tabla1[[#This Row],[fecha]]="","",TEXT(Tabla1[[#This Row],[fecha]],"DMMAAAA")&TEXT(Tabla1[[#This Row],[hora]],"HHmm")) -> 191220251645 | S44: =_xlfn.CONCAT(Tabla1[[#This Row],[codigo_]],Tabla1[[#This Row],[correlativo_]]) -> 191220251645763 | T44: =DAY(E44) & " de " & TEXT(E44, "mmmm") & " del " & YEAR(E44) -> 19 de diciembre del 2025 | U44: =_xlfn.XLOOKUP(Tabla1[[#This Row],[instructor_2]],diccionario_!$A$1:$A$11,diccionario_!$D$1:$D$11,,0) -> Daniel Carvajal B. | V44: =TEXT(O44,"0%") -> 100% | W44: 12 de febrero del 2026 a las 09:49
A45: 764 | B45: Daniel Rodrigo Carvajal Bucarey | C45: 10.528.715-1 | D45: P-8549-2359-004-V01 | E45: 46007 | F45: 0.70972222 | G45: Matamala Fierro Jonathan Alejandro | H45: 17.159.569-k | I45: MERCEDES BENZ | J45: BUS 1 PISO | K45: O500 RS - OC500 RF | N45: O500 RS - OC500 RF | O45: 1 | P45: Generado | Q45: =IF(Tabla1[[#This Row],[evaluacion_]]="","",IF(Tabla1[[#This Row],[evaluacion_]]=1,"Habilitado","No Habilitado")) -> Habilitado | R45: =IF(Tabla1[[#This Row],[fecha]]="","",TEXT(Tabla1[[#This Row],[fecha]],"DMMAAAA")&TEXT(Tabla1[[#This Row],[hora]],"HHmm")) -> 161220251702 | S45: =_xlfn.CONCAT(Tabla1[[#This Row],[codigo_]],Tabla1[[#This Row],[correlativo_]]) -> 161220251702764 | T45: =DAY(E45) & " de " & TEXT(E45, "mmmm") & " del " & YEAR(E45) -> 16 de diciembre del 2025 | U45: =_xlfn.XLOOKUP(Tabla1[[#This Row],[instructor_2]],diccionario_!$A$1:$A$11,diccionario_!$D$1:$D$11,,0) -> Daniel Carvajal B. | V45: =TEXT(O45,"0%") -> 100% | W45: 12 de febrero del 2026 a las 09:51
... A47: 766 | B47: Daniel Rodrigo Carvajal Bucarey | C47: 10.528.715-1 | D47: P-8549-2359-004-V01 | E47: 46006 | F47: 0.66527778 | G47: Yáñez Saavedra Lilian Pamela | H47: 11.864.948-6 | I47: MERCEDES BENZ | J47: BUS 1 PISO | K47: O500 RS - OC500 RF | N47: O500 RS - OC500 RF | O47: 1 | P47: Generado | Q47: =IF(Tabla1[[#This Row],[evaluacion_]]="","",IF(Tabla1[[#This Row],[evaluacion_]]=1,"Habilitado","No Habilitado")) -> Habilitado | R47: =IF(Tabla1[[#This Row],[fecha]]="","",TEXT(Tabla1[[#This Row],[fecha]],"DMMAAAA")&TEXT(Tabla1[[#This Row],[hora]],"HHmm")) -> 151220251558 | S47: =_xlfn.CONCAT(Tabla1[[#This Row],[codigo_]],Tabla1[[#This Row],[correlativo_]]) -> 151220251558766 | T47: =DAY(E47) & " de " & TEXT(E47, "mmmm") & " del " & YEAR(E47) -> 15 de diciembre del 2025 | U47: =_xlfn.XLOOKUP(Tabla1[[#This Row],[instructor_2]],diccionario_!$A$1:$A$11,diccionario_!$D$1:$D$11,,0) -> Daniel Carvajal B. | V47: =TEXT(O47,"0%") -> 100% | W47: 12 de febrero del 2026 a las 10:01
A48: 767 | B48: Daniel Rodrigo Carvajal Bucarey | C48: 10.528.715-1 | D48: P-8549-2359-004-V01 | E48: 46000 | F48: 0.72777778 | G48: Rojo Campos Italo Darwin | H48: 10.656.980-0 | I48: MERCEDES BENZ | J48: BUS 2 PISOS | K48: O500 RS-D | L48: O500 RS - OC500 RF | N48: O500 RS-D - O500 RS - OC500 RF | O48: 1 | P48: Generado | Q48: =IF(Tabla1[[#This Row],[evaluacion_]]="","",IF(Tabla1[[#This Row],[evaluacion_]]=1,"Habilitado","No Habilitado")) -> Habilitado | R48: =IF(Tabla1[[#This Row],[fecha]]="","",TEXT(Tabla1[[#This Row],[fecha]],"DMMAAAA")&TEXT(Tabla1[[#This Row],[hora]],"HHmm")) -> 91220251728 | S48: =_xlfn.CONCAT(Tabla1[[#This Row],[codigo_]],Tabla1[[#This Row],[correlativo_]]) -> 91220251728767 | T48: =DAY(E48) & " de " & TEXT(E48, "mmmm") & " del " & YEAR(E48) -> 9 de diciembre del 2025 | U48: =_xlfn.XLOOKUP(Tabla1[[#This Row],[instructor_2]],diccionario_!$A$1:$A$11,diccionario_!$D$1:$D$11,,0) -> Daniel Carvajal B. | V48: =TEXT(O48,"0%") -> 100% | W48: 12 de febrero del 2026 a las 10:08
A49: 768 | B49: Daniel Rodrigo Carvajal Bucarey | C49: 10.528.715-1 | D49: P-8549-2359-004-V01 | E49: 46000 | F49: 0.74652778 | G49: Rojo Campos Italo Darwin | H49: 10.656.980-0 | I49: SCANIA | J49: BUS 2 PISOS | K49: K 440 IB | L49: K 400 IB | N49: K 440 IB - K 400 IB | O49: 1 | P49: Generado | Q49: =IF(Tabla1[[#This Row],[evaluacion_]]="","",IF(Tabla1[[#This Row],[evaluacion_]]=1,"Habilitado","No Habilitado")) -> Habilitado | R49: =IF(Tabla1[[#This Row],[fecha]]="","",TEXT(Tabla1[[#This Row],[fecha]],"DMMAAAA")&TEXT(Tabla1[[#This Row],[hora]],"HHmm")) -> 91220251755 | S49: =_xlfn.CONCAT(Tabla1[[#This Row],[codigo_]],Tabla1[[#This Row],[correlativo_]]) -> 91220251755768 | T49: =DAY(E49) & " de " & TEXT(E49, "mmmm") & " del " & YEAR(E49) -> 9 de diciembre del 2025 | U49: =_xlfn.XLOOKUP(Tabla1[[#This Row],[instructor_2]],diccionario_!$A$1:$A$11,diccionario_!$D$1:$D$11,,0) -> Daniel Carvajal B. | V49: =TEXT(O49,"0%") -> 100% | W49: 12 de febrero del 2026 a las 10:24
A50: 769 | B50: Daniel Rodrigo Carvajal Bucarey | C50: 10.528.715-1 | D50: P-8549-2359-004-V01 | E50: 46069 | F50: 0.73263889 | G50: Jiménez López Camilo Esteban | H50: 17.791.169-0 | I50: MERCEDES BENZ | J50: BUS 2 PISOS | K50: O500 RS-D | L50: O500 RS - OC500 RF | N50: O500 RS-D - O500 RS - OC500 RF | O50: 1 | P50: Generado | Q50: =IF(Tabla1[[#This Row],[evaluacion_]]="","",IF(Tabla1[[#This Row],[evaluacion_]]=1,"Habilitado","No Habilitado")) -> Habilitado | R50: =IF(Tabla1[[#This Row],[fecha]]="","",TEXT(Tabla1[[#This Row],[fecha]],"DMMAAAA")&TEXT(Tabla1[[#This Row],[hora]],"HHmm")) -> 160220261735 | S50: =_xlfn.CONCAT(Tabla1[[#This Row],[codigo_]],Tabla1[[#This Row],[correlativo_]]) -> 160220261735769 | T50: =DAY(E50) & " de " & TEXT(E50, "mmmm") & " del " & YEAR(E50) -> 16 de febrero del 2026 | U50: =_xlfn.XLOOKUP(Tabla1[[#This Row],[instructor_2]],diccionario_!$A$1:$A$11,diccionario_!$D$1:$D$11,,0) -> Daniel Carvajal B. | V50: =TEXT(O50,"0%") -> 100% | W50: 12 de febrero del 2026 a las 10:29
A51: 770 | B51: Daniel Rodrigo Carvajal Bucarey | C51: 10.528.715-1 | D51: P-8549-2359-004-V01 | E51: 45946 | F51: 0.74166667 | G51: Jiménez López Camilo Esteban | H51: 17.791.169-0 | I51: SCANIA | J51: BUS 2 PISOS | K51: K 440 IB | L51: K 400 IB | N51: K 440 IB - K 400 IB | O51: 1 | P51: Generado | Q51: =IF(Tabla1[[#This Row],[evaluacion_]]="","",IF(Tabla1[[#This Row],[evaluacion_]]=1,"Habilitado","No Habilitado")) -> Habilitado | R51: =IF(Tabla1[[#This Row],[fecha]]="","",TEXT(Tabla1[[#This Row],[fecha]],"DMMAAAA")&TEXT(Tabla1[[#This Row],[hora]],"HHmm")) -> 161020251748 | S51: =_xlfn.CONCAT(Tabla1[[#This Row],[codigo_]],Tabla1[[#This Row],[correlativo_]]) -> 161020251748770 | T51: =DAY(E51) & " de " & TEXT(E51, "mmmm") & " del " & YEAR(E51) -> 16 de octubre del 2025 | U51: =_xlfn.XLOOKUP(Tabla1[[#This Row],[instructor_2]],diccionario_!$A$1:$A$11,diccionario_!$D$1:$D$11,,0) -> Daniel Carvajal B. | V51: =TEXT(O51,"0%") -> 100% | W51: 12 de febrero del 2026 a las 10:31
A52: 771 | B52: Daniel Rodrigo Carvajal Bucarey | C52: 10.528.715-1 | D52: P-8549-2359-004-V01 | E52: 46013 | F52: 0.72083333 | G52: Rodríguez Molina Cesar Luis | H52: 13.837.090-9 | I52: MERCEDES BENZ | J52: BUS 1 PISO | K52: O500 RS - OC500 RF | N52: O500 RS - OC500 RF | O52: 1 | P52: Generado | Q52: =IF(Tabla1[[#This Row],[evaluacion_]]="","",IF(Tabla1[[#This Row],[evaluacion_]]=1,"Habilitado","No Habilitado")) -> Habilitado | R52: =IF(Tabla1[[#This Row],[fecha]]="","",TEXT(Tabla1[[#This Row],[fecha]],"DMMAAAA")&TEXT(Tabla1[[#This Row],[hora]],"HHmm")) -> 221220251718 | S52: =_xlfn.CONCAT(Tabla1[[#This Row],[codigo_]],Tabla1[[#This Row],[correlativo_]]) -> 221220251718771 | T52: =DAY(E52) & " de " & TEXT(E52, "mmmm") & " del " & YEAR(E52) -> 22 de diciembre del 2025 | U52: =_xlfn.XLOOKUP(Tabla1[[#This Row],[instructor_2]],diccionario_!$A$1:$A$11,diccionario_!$D$1:$D$11,,0) -> Daniel Carvajal B. | V52: =TEXT(O52,"0%") -> 100% | W52: 12 de febrero del 2026 a las 10:38
A53: 772 | B53: Daniel Rodrigo Carvajal Bucarey | C53: 10.528.715-1 | D53: P-8549-2359-004-V01 | E53: 45967 | F53: 0.71388889 | G53: De La Cruz Soto Hipólito Enrique | H53: 8.447.999-3 | I53: MERCEDES BENZ | J53: BUS 2 PISOS | K53: O500 RS-D | L53: O500 RS - OC500 RF | N53: O500 RS-D - O500 RS - OC500 RF | O53: 1 | P53: Generado | Q53: =IF(Tabla1[[#This Row],[evaluacion_]]="","",IF(Tabla1[[#This Row],[evaluacion_]]=1,"Habilitado","No Habilitado")) -> Habilitado | R53: =IF(Tabla1[[#This Row],[fecha]]="","",TEXT(Tabla1[[#This Row],[fecha]],"DMMAAAA")&TEXT(Tabla1[[#This Row],[hora]],"HHmm")) -> 61120251708 | S53: =_xlfn.CONCAT(Tabla1[[#This Row],[codigo_]],Tabla1[[#This Row],[correlativo_]]) -> 61120251708772 | T53: =DAY(E53) & " de " & TEXT(E53, "mmmm") & " del " & YEAR(E53) -> 6 de noviembre del 2025 | U53: =_xlfn.XLOOKUP(Tabla1[[#This Row],[instructor_2]],diccionario_!$A$1:$A$11,diccionario_!$D$1:$D$11,,0) -> Daniel Carvajal B. | V53: =TEXT(O53,"0%") -> 100% | W53: 12 de febrero del 2026 a las 10:43
A54: 773 | B54: Daniel Rodrigo Carvajal Bucarey | C54: 10.528.715-1 | D54: P-8549-2359-004-V01 | E54: 45967 | F54: 0.71458333 | G54: De La Cruz Soto Hipólito Enrique | H54: 8.447.999-3 | I54: SCANIA | J54: BUS 2 PISOS | K54: K 440 IB | L54: K 400 IB | N54: K 440 IB - K 400 IB | O54: 1 | P54: Generado | Q54: =IF(Tabla1[[#This Row],[evaluacion_]]="","",IF(Tabla1[[#This Row],[evaluacion_]]=1,"Habilitado","No Habilitado")) -> Habilitado | R54: =IF(Tabla1[[#This Row],[fecha]]="","",TEXT(Tabla1[[#This Row],[fecha]],"DMMAAAA")&TEXT(Tabla1[[#This Row],[hora]],"HHmm")) -> 61120251709 | S54: =_xlfn.CONCAT(Tabla1[[#This Row],[codigo_]],Tabla1[[#This Row],[correlativo_]]) -> 61120251709773 | T54: =DAY(E54) & " de " & TEXT(E54, "mmmm") & " del " & YEAR(E54) -> 6 de noviembre del 2025 | U54: =_xlfn.XLOOKUP(Tabla1[[#This Row],[instructor_2]],diccionario_!$A$1:$A$11,diccionario_!$D$1:$D$11,,0) -> Daniel Carvajal B. | V54: =TEXT(O54,"0%") -> 100% | W54: 12 de febrero del 2026 a las 10:47
A55: 774 | B55: Daniel Rodrigo Carvajal Bucarey | C55: 10.528.715-1 | D55: P-8549-2359-004-V01 | E55: 45967 | F55: 0.71527778 | G55: De La Cruz Soto Hipólito Enrique | H55: 8.447.999-3 | I55: VOLVO | J55: BUS 2 PISOS | K55: B 420R - B 430R | L55: F310 HB | N55: B 420R - B 430R - F310 HB | O55: 1 | P55: Generado | Q55: =IF(Tabla1[[#This Row],[evaluacion_]]="","",IF(Tabla1[[#This Row],[evaluacion_]]=1,"Habilitado","No Habilitado")) -> Habilitado | R55: =IF(Tabla1[[#This Row],[fecha]]="","",TEXT(Tabla1[[#This Row],[fecha]],"DMMAAAA")&TEXT(Tabla1[[#This Row],[hora]],"HHmm")) -> 61120251710 | S55: =_xlfn.CONCAT(Tabla1[[#This Row],[codigo_]],Tabla1[[#This Row],[correlativo_]]) -> 61120251710774 | T55: =DAY(E55) & " de " & TEXT(E55, "mmmm") & " del " & YEAR(E55) -> 6 de noviembre del 2025 | U55: =_xlfn.XLOOKUP(Tabla1[[#This Row],[instructor_2]],diccionario_!$A$1:$A$11,diccionario_!$D$1:$D$11,,0) -> Daniel Carvajal B. | V55: =TEXT(O55,"0%") -> 100% | W55: 12 de febrero del 2026 a las 10:48
A56: 775 | B56: Daniel Rodrigo Carvajal Bucarey | C56: 10.528.715-1 | D56: P-8549-2359-004-V01 | E56: 45967 | F56: 0.71597222 | G56: Olguín Montenegro Alex Sandro | H56: 12.599.413-k | I56: MERCEDES BENZ | J56: BUS 2 PISOS | K56: O500 RS-D | L56: O500 RS - OC500 RF | N56: O500 RS-D - O500 RS - OC500 RF | O56: 1 | P56: Generado | Q56: =IF(Tabla1[[#This Row],[evaluacion_]]="","",IF(Tabla1[[#This Row],[evaluacion_]]=1,"Habilitado","No Habilitado")) -> Habilitado | R56: =IF(Tabla1[[#This Row],[fecha]]="","",TEXT(Tabla1[[#This Row],[fecha]],"DMMAAAA")&TEXT(Tabla1[[#This Row],[hora]],"HHmm")) -> 61120251711 | S56: =_xlfn.CONCAT(Tabla1[[#This Row],[codigo_]],Tabla1[[#This Row],[correlativo_]]) -> 61120251711775 | T56: =DAY(E56) & " de " & TEXT(E56, "mmmm") & " del " & YEAR(E56) -> 6 de noviembre del 2025 | U56: =_xlfn.XLOOKUP(Tabla1[[#This Row],[instructor_2]],diccionario_!$A$1:$A$11,diccionario_!$D$1:$D$11,,0) -> Daniel Carvajal B. | V56: =TEXT(O56,"0%") -> 100% | W56: 12 de febrero del 2026 a las 10:53
A57: 776 | B57: Daniel Rodrigo Carvajal Bucarey | C57: 10.528.715-1 | D57: P-8549-2359-004-V01 | E57: 45933 | F57: 0.72430556 | G57: Olguín Montenegro Alex Sandro | H57: 12.599.413-k | I57: SCANIA | J57: BUS 2 PISOS | K57: K 440 IB | L57: K 400 IB | N57: K 440 IB - K 400 IB | O57: 1 | P57: Generado | Q57: =IF(Tabla1[[#This Row],[evaluacion_]]="","",IF(Tabla1[[#This Row],[evaluacion_]]=1,"Habilitado","No Habilitado")) -> Habilitado | R57: =IF(Tabla1[[#This Row],[fecha]]="","",TEXT(Tabla1[[#This Row],[fecha]],"DMMAAAA")&TEXT(Tabla1[[#This Row],[hora]],"HHmm")) -> 31020251723 | S57: =_xlfn.CONCAT(Tabla1[[#This Row],[codigo_]],Tabla1[[#This Row],[correlativo_]]) -> 31020251723776 | T57: =DAY(E57) & " de " & TEXT(E57, "mmmm") & " del " & YEAR(E57) -> 3 de octubre del 2025 | U57: =_xlfn.XLOOKUP(Tabla1[[#This Row],[instructor_2]],diccionario_!$A$1:$A$11,diccionario_!$D$1:$D$11,,0) -> Daniel Carvajal B. | V57: =TEXT(O57,"0%") -> 100% | W57: 12 de febrero del 2026 a las 10:55
A58: 777 | B58: Daniel Rodrigo Carvajal Bucarey | C58: 10.528.715-1 | D58: P-8549-2359-004-V01 | E58: 45933 | F58: 0.71666667 | G58: Olguín Montenegro Alex Sandro | H58: 12.599.413-k | I58: VOLVO | J58: BUS 2 PISOS | K58: B 420R - B 430R | L58: B 450R | N58: B 420R - B 430R - B 450R | O58: 1 | P58: Generado | Q58: =IF(Tabla1[[#This Row],[evaluacion_]]="","",IF(Tabla1[[#This Row],[evaluacion_]]=1,"Habilitado","No Habilitado")) -> Habilitado | R58: =IF(Tabla1[[#This Row],[fecha]]="","",TEXT(Tabla1[[#This Row],[fecha]],"DMMAAAA")&TEXT(Tabla1[[#This Row],[hora]],"HHmm")) -> 31020251712 | S58: =_xlfn.CONCAT(Tabla1[[#This Row],[codigo_]],Tabla1[[#This Row],[correlativo_]]) -> 31020251712777 | T58: =DAY(E58) & " de " & TEXT(E58, "mmmm") & " del " & YEAR(E58) -> 3 de octubre del 2025 | U58: =_xlfn.XLOOKUP(Tabla1[[#This Row],[instructor_2]],diccionario_!$A$1:$A$11,diccionario_!$D$1:$D$11,,0) -> Daniel Carvajal B. | V58: =TEXT(O58,"0%") -> 100% | W58: 12 de febrero del 2026 a las 10:57
A59: 778 | B59: Daniel Rodrigo Carvajal Bucarey | C59: 10.528.715-1 | D59: P-8549-2359-004-V01 | E59: 45931 | F59: 0.72083333 | G59: Gutiérrez Mendez Angelo Andrés | H59: 16.991.352-8 | I59: MERCEDES BENZ | J59: BUS 2 PISOS | K59: O500 RS-D | L59: O500 RS - OC500 RF | N59: O500 RS-D - O500 RS - OC500 RF | O59: 1 | P59: Generado | Q59: =IF(Tabla1[[#This Row],[evaluacion_]]="","",IF(Tabla1[[#This Row],[evaluacion_]]=1,"Habilitado","No Habilitado")) -> Habilitado | R59: =IF(Tabla1[[#This Row],[fecha]]="","",TEXT(Tabla1[[#This Row],[fecha]],"DMMAAAA")&TEXT(Tabla1[[#This Row],[hora]],"HHmm")) -> 11020251718 | S59: =_xlfn.CONCAT(Tabla1[[#This Row],[codigo_]],Tabla1[[#This Row],[correlativo_]]) -> 11020251718778 | T59: =DAY(E59) & " de " & TEXT(E59, "mmmm") & " del " & YEAR(E59) -> 1 de octubre del 2025 | U59: =_xlfn.XLOOKUP(Tabla1[[#This Row],[instructor_2]],diccionario_!$A$1:$A$11,diccionario_!$D$1:$D$11,,0) -> Daniel Carvajal B. | V59: =TEXT(O59,"0%") -> 100% | W59: 12 de febrero del 2026 a las 10:59
A60: 779 | B60: Daniel Rodrigo Carvajal Bucarey | C60: 10.528.715-1 | D60: P-8549-2359-004-V01 | E60: 45931 | F60: 0.71666667 | G60: Gutiérrez Mendez Angelo Andrés | H60: 16.991.352-8 | I60: SCANIA | J60: BUS 2 PISOS | K60: K 440 IB | L60: K 400 IB | N60: K 440 IB - K 400 IB | O60: 1 | P60: Generado | Q60: =IF(Tabla1[[#This Row],[evaluacion_]]="","",IF(Tabla1[[#This Row],[evaluacion_]]=1,"Habilitado","No Habilitado")) -> Habilitado | R60: =IF(Tabla1[[#This Row],[fecha]]="","",TEXT(Tabla1[[#This Row],[fecha]],"DMMAAAA")&TEXT(Tabla1[[#This Row],[hora]],"HHmm")) -> 11020251712 | S60: =_xlfn.CONCAT(Tabla1[[#This Row],[codigo_]],Tabla1[[#This Row],[correlativo_]]) -> 11020251712779 | T60: =DAY(E60) & " de " & TEXT(E60, "mmmm") & " del " & YEAR(E60) -> 1 de octubre del 2025 | U60: =_xlfn.XLOOKUP(Tabla1[[#This Row],[instructor_2]],diccionario_!$A$1:$A$11,diccionario_!$D$1:$D$11,,0) -> Daniel Carvajal B. | V60: =TEXT(O60,"0%") -> 100% | W60: 12 de febrero del 2026 a las 11:00
A61: 780 | B61: Daniel Rodrigo Carvajal Bucarey | C61: 10.528.715-1 | D61: P-8549-2359-004-V01 | E61: 45931 | F61: 0.71736111 | G61: Gutiérrez Mendez Angelo Andrés | H61: 16.991.352-8 | I61: VOLVO | J61: BUS 2 PISOS | K61: B 420R - B 430R | L61: B 450R | N61: B 420R - B 430R - B 450R | O61: 1 | P61: Generado | Q61: =IF(Tabla1[[#This Row],[evaluacion_]]="","",IF(Tabla1[[#This Row],[evaluacion_]]=1,"Habilitado","No Habilitado")) -> Habilitado | R61: =IF(Tabla1[[#This Row],[fecha]]="","",TEXT(Tabla1[[#This Row],[fecha]],"DMMAAAA")&TEXT(Tabla1[[#This Row],[hora]],"HHmm")) -> 11020251713 | S61: =_xlfn.CONCAT(Tabla1[[#This Row],[codigo_]],Tabla1[[#This Row],[correlativo_]]) -> 11020251713780 | T61: =DAY(E61) & " de " & TEXT(E61, "mmmm") & " del " & YEAR(E61) -> 1 de octubre del 2025 | U61: =_xlfn.XLOOKUP(Tabla1[[#This Row],[instructor_2]],diccionario_!$A$1:$A$11,diccionario_!$D$1:$D$11,,0) -> Daniel Carvajal B. | V61: =TEXT(O61,"0%") -> 100% | W61: 12 de febrero del 2026 a las 11:02
A62: 781 | B62: Gilberto Leonardo Urtubia Carvajal | C62: 9.249.626-0 | D62: P-8549-2359-004-V01 | E62: 46051 | F62: 0.70902778 | G62: Celman Molina Miguel Angel | H62: 10.438.385-8 | I62: MERCEDES BENZ | J62: BUS 2 PISOS | K62: O500 RS-D | L62: O500 RS - OC500 RF | N62: O500 RS-D - O500 RS - OC500 RF | O62: 1 | P62: Generado | Q62: =IF(Tabla1[[#This Row],[evaluacion_]]="","",IF(Tabla1[[#This Row],[evaluacion_]]=1,"Habilitado","No Habilitado")) -> Habilitado | R62: =IF(Tabla1[[#This Row],[fecha]]="","",TEXT(Tabla1[[#This Row],[fecha]],"DMMAAAA")&TEXT(Tabla1[[#This Row],[hora]],"HHmm")) -> 290120261701 | S62: =_xlfn.CONCAT(Tabla1[[#This Row],[codigo_]],Tabla1[[#This Row],[correlativo_]]) -> 290120261701781 | T62: =DAY(E62) & " de " & TEXT(E62, "mmmm") & " del " & YEAR(E62) -> 29 de enero del 2026 | U62: =_xlfn.XLOOKUP(Tabla1[[#This Row],[instructor_2]],diccionario_!$A$1:$A$11,diccionario_!$D$1:$D$11,,0) -> Gilerto Urtubia C. | V62: =TEXT(O62,"0%") -> 100% | W62: 12 de febrero del 2026 a las 11:03
A63: 782 | B63: Daniel Rodrigo Carvajal Bucarey | C63: 10.528.715-1 | D63: P-8549-2359-004-V01 | E63: 46059 | F63: 0.52430556 | G63: Celman Molina Miguel Angel | H63: 10.438.385-8 | I63: VOLVO | J63: BUS 2 PISOS | K63: B 420R - B 430R | L63: K 440 IB | N63: B 420R - B 430R - K 440 IB | O63: 1 | P63: Generado | Q63: =IF(Tabla1[[#This Row],[evaluacion_]]="","",IF(Tabla1[[#This Row],[evaluacion_]]=1,"Habilitado","No Habilitado")) -> Habilitado | R63: =IF(Tabla1[[#This Row],[fecha]]="","",TEXT(Tabla1[[#This Row],[fecha]],"DMMAAAA")&TEXT(Tabla1[[#This Row],[hora]],"HHmm")) -> 60220261235 | S63: =_xlfn.CONCAT(Tabla1[[#This Row],[codigo_]],Tabla1[[#This Row],[correlativo_]]) -> 60220261235782 | T63: =DAY(E63) & " de " & TEXT(E63, "mmmm") & " del " & YEAR(E63) -> 6 de febrero del 2026 | U63: =_xlfn.XLOOKUP(Tabla1[[#This Row],[instructor_2]],diccionario_!$A$1:$A$11,diccionario_!$D$1:$D$11,,0) -> Daniel Carvajal B. | V63: =TEXT(O63,"0%") -> 100% | W63: 12 de febrero del 2026 a las 11:06
A64: 783 | B64: Daniel Rodrigo Carvajal Bucarey | C64: 10.528.715-1 | D64: P-8549-2359-004-V01 | E64: 46059 | F64: 0.52638889 | G64: Celman Molina Miguel Angel | H64: 10.438.385-8 | I64: SCANIA | J64: BUS 2 PISOS | K64: K 440 IB | L64: K 440 IB | N64: K 440 IB - K 440 IB | O64: 1 | P64: Generado | Q64: =IF(Tabla1[[#This Row],[evaluacion_]]="","",IF(Tabla1[[#This Row],[evaluacion_]]=1,"Habilitado","No Habilitado")) -> Habilitado | R64: =IF(Tabla1[[#This Row],[fecha]]="","",TEXT(Tabla1[[#This Row],[fecha]],"DMMAAAA")&TEXT(Tabla1[[#This Row],[hora]],"HHmm")) -> 60220261238 | S64: =_xlfn.CONCAT(Tabla1[[#This Row],[codigo_]],Tabla1[[#This Row],[correlativo_]]) -> 60220261238783 | T64: =DAY(E64) & " de " & TEXT(E64, "mmmm") & " del " & YEAR(E64) -> 6 de febrero del 2026 | U64: =_xlfn.XLOOKUP(Tabla1[[#This Row],[instructor_2]],diccionario_!$A$1:$A$11,diccionario_!$D$1:$D$11,,0) -> Daniel Carvajal B. | V64: =TEXT(O64,"0%") -> 100% | W64: 12 de febrero del 2026 a las 11:08
... A71: 790 | B71: Milla Miranda Guillermo Andres | C71: 15.325.100-2 | D71: P-8549-2359-004-V01 | E71: 46065 | F71: 0.41666667 | G71: Loyola Gómez Carlos Ernesto | H71: 12.679.872-5 | I71: MERCEDES BENZ | J71: BUS 1 PISO | K71: O500 RS - OC500 RF | L71: SPRINTER 315 – 415 – 515 – 517 4X2 | N71: O500 RS - OC500 RF - SPRINTER 315 – 415 – 515 – 517 4X2 | O71: 1 | P71: Generado | Q71: =IF(Tabla1[[#This Row],[evaluacion_]]="","",IF(Tabla1[[#This Row],[evaluacion_]]=1,"Habilitado","No Habilitado")) -> Habilitado | R71: =IF(Tabla1[[#This Row],[fecha]]="","",TEXT(Tabla1[[#This Row],[fecha]],"DMMAAAA")&TEXT(Tabla1[[#This Row],[hora]],"HHmm")) -> 120220261000 | S71: =_xlfn.CONCAT(Tabla1[[#This Row],[codigo_]],Tabla1[[#This Row],[correlativo_]]) -> 120220261000790 | T71: =DAY(E71) & " de " & TEXT(E71, "mmmm") & " del " & YEAR(E71) -> 12 de febrero del 2026 | U71: =_xlfn.XLOOKUP(Tabla1[[#This Row],[instructor_2]],diccionario_!$A$1:$A$11,diccionario_!$D$1:$D$11,,0) -> Guillermo Milla M. | V71: =TEXT(O71,"0%") -> 100% | W71: 12 de febrero del 2026 a las 11:31
A72: 791 | B72: Milla Miranda Guillermo Andres | C72: 15.325.100-2 | D72: P-8549-2359-004-V01 | E72: 46065 | F72: 0.41666667 | G72: Loyola Gómez Carlos Ernesto | H72: 12.679.872-5 | I72: SCANIA | J72: BUS 1 PISO | K72: K 360 IB | N72: K 360 IB | O72: 1 | P72: Generado | Q72: =IF(Tabla1[[#This Row],[evaluacion_]]="","",IF(Tabla1[[#This Row],[evaluacion_]]=1,"Habilitado","No Habilitado")) -> Habilitado | R72: =IF(Tabla1[[#This Row],[fecha]]="","",TEXT(Tabla1[[#This Row],[fecha]],"DMMAAAA")&TEXT(Tabla1[[#This Row],[hora]],"HHmm")) -> 120220261000 | S72: =_xlfn.CONCAT(Tabla1[[#This Row],[codigo_]],Tabla1[[#This Row],[correlativo_]]) -> 120220261000791 | T72: =DAY(E72) & " de " & TEXT(E72, "mmmm") & " del " & YEAR(E72) -> 12 de febrero del 2026 | U72: =_xlfn.XLOOKUP(Tabla1[[#This Row],[instructor_2]],diccionario_!$A$1:$A$11,diccionario_!$D$1:$D$11,,0) -> Guillermo Milla M. | V72: =TEXT(O72,"0%") -> 100% | W72: 12 de febrero del 2026 a las 11:31
A73: 792 | B73: Gilberto Leonardo Urtubia Carvajal | C73: 9.249.626-0 | D73: P-8549-2359-004-V01 | E73: 46052 | F73: 0.70902778 | G73: Villagra Feris Héctor Guillermo | H73: 10.229.137-9 | I73: MERCEDES BENZ | J73: BUS 1 PISO | K73: O500 RS - OC500 RF | N73: O500 RS - OC500 RF | O73: 1 | P73: Generado | Q73: =IF(Tabla1[[#This Row],[evaluacion_]]="","",IF(Tabla1[[#This Row],[evaluacion_]]=1,"Habilitado","No Habilitado")) -> Habilitado | R73: =IF(Tabla1[[#This Row],[fecha]]="","",TEXT(Tabla1[[#This Row],[fecha]],"DMMAAAA")&TEXT(Tabla1[[#This Row],[hora]],"HHmm")) -> 300120261701 | S73: =_xlfn.CONCAT(Tabla1[[#This Row],[codigo_]],Tabla1[[#This Row],[correlativo_]]) -> 300120261701792 | T73: =DAY(E73) & " de " & TEXT(E73, "mmmm") & " del " & YEAR(E73) -> 30 de enero del 2026 | U73: =_xlfn.XLOOKUP(Tabla1[[#This Row],[instructor_2]],diccionario_!$A$1:$A$11,diccionario_!$D$1:$D$11,,0) -> Gilerto Urtubia C. | V73: =TEXT(O73,"0%") -> 100% | W73: 13 de febrero del 2026 a las 08:46
A74: 793 | B74: Gilberto Leonardo Urtubia Carvajal | C74: 9.249.626-0 | D74: P-8549-2359-004-V01 | E74: 46051 | F74: 0.70486111 | G74: Conejera Marchant Alex Eduardo | H74: 12.644.266-1 | I74: MERCEDES BENZ | J74: BUS 1 PISO | K74: O500 RS - OC500 RF | N74: O500 RS - OC500 RF | O74: 1 | P74: Generado | Q74: =IF(Tabla1[[#This Row],[evaluacion_]]="","",IF(Tabla1[[#This Row],[evaluacion_]]=1,"Habilitado","No Habilitado")) -> Habilitado | R74: =IF(Tabla1[[#This Row],[fecha]]="","",TEXT(Tabla1[[#This Row],[fecha]],"DMMAAAA")&TEXT(Tabla1[[#This Row],[hora]],"HHmm")) -> 290120261655 | S74: =_xlfn.CONCAT(Tabla1[[#This Row],[codigo_]],Tabla1[[#This Row],[correlativo_]]) -> 290120261655793 | T74: =DAY(E74) & " de " & TEXT(E74, "mmmm") & " del " & YEAR(E74) -> 29 de enero del 2026 | U74: =_xlfn.XLOOKUP(Tabla1[[#This Row],[instructor_2]],diccionario_!$A$1:$A$11,diccionario_!$D$1:$D$11,,0) -> Gilerto Urtubia C. | V74: =TEXT(O74,"0%") -> 100% | W74: 13 de febrero del 2026 a las 08:50
A75: 794 | B75: Gilberto Leonardo Urtubia Carvajal | C75: 9.249.626-0 | D75: P-8549-2359-004-V01 | E75: 46044 | F75: 0.74722222 | G75: Soto Rodríguez Danilo Hernán | H75: 12.688.452-4 | I75: MERCEDES BENZ | J75: BUS 1 PISO | K75: O500 RS - OC500 RF | N75: O500 RS - OC500 RF | O75: 1 | P75: Generado | Q75: =IF(Tabla1[[#This Row],[evaluacion_]]="","",IF(Tabla1[[#This Row],[evaluacion_]]=1,"Habilitado","No Habilitado")) -> Habilitado | R75: =IF(Tabla1[[#This Row],[fecha]]="","",TEXT(Tabla1[[#This Row],[fecha]],"DMMAAAA")&TEXT(Tabla1[[#This Row],[hora]],"HHmm")) -> 220120261756 | S75: =_xlfn.CONCAT(Tabla1[[#This Row],[codigo_]],Tabla1[[#This Row],[correlativo_]]) -> 220120261756794 | T75: =DAY(E75) & " de " & TEXT(E75, "mmmm") & " del " & YEAR(E75) -> 22 de enero del 2026 | U75: =_xlfn.XLOOKUP(Tabla1[[#This Row],[instructor_2]],diccionario_!$A$1:$A$11,diccionario_!$D$1:$D$11,,0) -> Gilerto Urtubia C. | V75: =TEXT(O75,"0%") -> 100% | W75: 13 de febrero del 2026 a las 08:54
A76: 795 | B76: Gilberto Leonardo Urtubia Carvajal | C76: 9.249.626-0 | D76: P-8549-2359-004-V01 | E76: 46037 | F76: 0.73819444 | G76: Oyarzún Alvarado Gabriel Del Carmen | H76: 10.122.001-k | I76: MERCEDES BENZ | J76: BUS 1 PISO | K76: O500 RS - OC500 RF | N76: O500 RS - OC500 RF | O76: 1 | P76: Generado | Q76: =IF(Tabla1[[#This Row],[evaluacion_]]="","",IF(Tabla1[[#This Row],[evaluacion_]]=1,"Habilitado","No Habilitado")) -> Habilitado | R76: =IF(Tabla1[[#This Row],[fecha]]="","",TEXT(Tabla1[[#This Row],[fecha]],"DMMAAAA")&TEXT(Tabla1[[#This Row],[hora]],"HHmm")) -> 150120261743 | S76: =_xlfn.CONCAT(Tabla1[[#This Row],[codigo_]],Tabla1[[#This Row],[correlativo_]]) -> 150120261743795 | T76: =DAY(E76) & " de " & TEXT(E76, "mmmm") & " del " & YEAR(E76) -> 15 de enero del 2026 | U76: =_xlfn.XLOOKUP(Tabla1[[#This Row],[instructor_2]],diccionario_!$A$1:$A$11,diccionario_!$D$1:$D$11,,0) -> Gilerto Urtubia C. | V76: =TEXT(O76,"0%") -> 100% | W76: 13 de febrero del 2026 a las 09:22
A77: 796 | B77: Gilberto Leonardo Urtubia Carvajal | C77: 9.249.626-0 | D77: P-8549-2359-004-V01 | E77: 46031 | F77: 0.74722222 | G77: Infante Araya José Luis Jorge | H77: 15.889.969-8 | I77: MERCEDES BENZ | J77: BUS 1 PISO | K77: O500 RS - OC500 RF | N77: O500 RS - OC500 RF | O77: 1 | P77: Generado | Q77: =IF(Tabla1[[#This Row],[evaluacion_]]="","",IF(Tabla1[[#This Row],[evaluacion_]]=1,"Habilitado","No Habilitado")) -> Habilitado | R77: =IF(Tabla1[[#This Row],[fecha]]="","",TEXT(Tabla1[[#This Row],[fecha]],"DMMAAAA")&TEXT(Tabla1[[#This Row],[hora]],"HHmm")) -> 90120261756 | S77: =_xlfn.CONCAT(Tabla1[[#This Row],[codigo_]],Tabla1[[#This Row],[correlativo_]]) -> 90120261756796 | T77: =DAY(E77) & " de " & TEXT(E77, "mmmm") & " del " & YEAR(E77) -> 9 de enero del 2026 | U77: =_xlfn.XLOOKUP(Tabla1[[#This Row],[instructor_2]],diccionario_!$A$1:$A$11,diccionario_!$D$1:$D$11,,0) -> Gilerto Urtubia C. | V77: =TEXT(O77,"0%") -> 100% | W77: 13 de febrero del 2026 a las 09:26
A78: 797 | B78: Gilberto Leonardo Urtubia Carvajal | C78: 9.249.626-0 | D78: P-8549-2359-004-V01 | E78: 46031 | F78: 0.70069444 | G78: Reinoso Ramírez Francisco Javier | H78: 17.976.779-1 | I78: MERCEDES BENZ | J78: BUS 1 PISO | K78: O500 RS - OC500 RF | N78: O500 RS - OC500 RF | O78: 1 | P78: Generado | Q78: =IF(Tabla1[[#This Row],[evaluacion_]]="","",IF(Tabla1[[#This Row],[evaluacion_]]=1,"Habilitado","No Habilitado")) -> Habilitado | R78: =IF(Tabla1[[#This Row],[fecha]]="","",TEXT(Tabla1[[#This Row],[fecha]],"DMMAAAA")&TEXT(Tabla1[[#This Row],[hora]],"HHmm")) -> 90120261649 | S78: =_xlfn.CONCAT(Tabla1[[#This Row],[codigo_]],Tabla1[[#This Row],[correlativo_]]) -> 90120261649797 | T78: =DAY(E78) & " de " & TEXT(E78, "mmmm") & " del " & YEAR(E78) -> 9 de enero del 2026 | U78: =_xlfn.XLOOKUP(Tabla1[[#This Row],[instructor_2]],diccionario_!$A$1:$A$11,diccionario_!$D$1:$D$11,,0) -> Gilerto Urtubia C. | V78: =TEXT(O78,"0%") -> 100% | W78: 13 de febrero del 2026 a las 09:28
A79: 798 | B79: Daniel Rodrigo Carvajal Bucarey | C79: 10.528.715-1 | D79: P-8549-2359-004-V01 | E79: 46053 | F79: 0.74652778 | G79: Gallardo Herrera Erlyn Eleazar | H79: 10.361.952-1 | I79: MERCEDES BENZ | J79: BUS 1 PISO | K79: O500 RS - OC500 RF | N79: O500 RS - OC500 RF | O79: 1 | P79: Generado | Q79: =IF(Tabla1[[#This Row],[evaluacion_]]="","",IF(Tabla1[[#This Row],[evaluacion_]]=1,"Habilitado","No Habilitado")) -> Habilitado | R79: =IF(Tabla1[[#This Row],[fecha]]="","",TEXT(Tabla1[[#This Row],[fecha]],"DMMAAAA")&TEXT(Tabla1[[#This Row],[hora]],"HHmm")) -> 310120261755 | S79: =_xlfn.CONCAT(Tabla1[[#This Row],[codigo_]],Tabla1[[#This Row],[correlativo_]]) -> 310120261755798 | T79: =DAY(E79) & " de " & TEXT(E79, "mmmm") & " del " & YEAR(E79) -> 31 de enero del 2026 | U79: =_xlfn.XLOOKUP(Tabla1[[#This Row],[instructor_2]],diccionario_!$A$1:$A$11,diccionario_!$D$1:$D$11,,0) -> Daniel Carvajal B. | V79: =TEXT(O79,"0%") -> 100% | W79: 13 de febrero del 2026 a las 09:32
A80: 799 | B80: Gilberto Leonardo Urtubia Carvajal | C80: 9.249.626-0 | D80: P-8549-2359-004-V01 | E80: 46037 | F80: 0.69375 | G80: Díaz Catalán Rodrigo Jesús | H80: 13.031.598-4 | I80: MERCEDES BENZ | J80: BUS 1 PISO | K80: O500 RS - OC500 RF | N80: O500 RS - OC500 RF | O80: 1 | P80: Generado | Q80: =IF(Tabla1[[#This Row],[evaluacion_]]="","",IF(Tabla1[[#This Row],[evaluacion_]]=1,"Habilitado","No Habilitado")) -> Habilitado | R80: =IF(Tabla1[[#This Row],[fecha]]="","",TEXT(Tabla1[[#This Row],[fecha]],"DMMAAAA")&TEXT(Tabla1[[#This Row],[hora]],"HHmm")) -> 150120261639 | S80: =_xlfn.CONCAT(Tabla1[[#This Row],[codigo_]],Tabla1[[#This Row],[correlativo_]]) -> 150120261639799 | T80: =DAY(E80) & " de " & TEXT(E80, "mmmm") & " del " & YEAR(E80) -> 15 de enero del 2026 | U80: =_xlfn.XLOOKUP(Tabla1[[#This Row],[instructor_2]],diccionario_!$A$1:$A$11,diccionario_!$D$1:$D$11,,0) -> Gilerto Urtubia C. | V80: =TEXT(O80,"0%") -> 100% | W80: 13 de febrero del 2026 a las 10:30
A81: 800 | G81: Díaz Catalán Rodrigo Jesús | O81: información de calificación errónea | P81: Generado | Q81: =IF(Tabla1[[#This Row],[evaluacion_]]="","",IF(Tabla1[[#This Row],[evaluacion_]]=1,"Habilitado","No Habilitado")) -> No Habilitado | R81: =IF(Tabla1[[#This Row],[fecha]]="","",TEXT(Tabla1[[#This Row],[fecha]],"DMMAAAA")&TEXT(Tabla1[[#This Row],[hora]],"HHmm")) | S81: =_xlfn.CONCAT(Tabla1[[#This Row],[codigo_]],Tabla1[[#This Row],[correlativo_]]) -> 800 | T81: =DAY(E81) & " de " & TEXT(E81, "mmmm") & " del " & YEAR(E81) -> 0 de enero del 1900 | U81: =_xlfn.XLOOKUP(Tabla1[[#This Row],[instructor_2]],diccionario_!$A$1:$A$11,diccionario_!$D$1:$D$11,,0) -> 0 | V81: =TEXT(O81,"0%") -> información de calificación errónea | W81: 13 de febrero del 2026 a las 10:33
A82: 801 | B82: Gilberto Leonardo Urtubia Carvajal | C82: 9.249.626-0 | D82: P-8549-2359-004-V01 | E82: 46051 | F82: 0.72777778 | G82: Díaz Catalán Rodrigo Jesús | H82: 13.031.598-4 | I82: MERCEDES BENZ | J82: BUS 1 PISO | K82: O500 RS - OC500 RF | N82: O500 RS - OC500 RF | O82: 1 | P82: Generado | Q82: =IF(Tabla1[[#This Row],[evaluacion_]]="","",IF(Tabla1[[#This Row],[evaluacion_]]=1,"Habilitado","No Habilitado")) -> Habilitado | R82: =IF(Tabla1[[#This Row],[fecha]]="","",TEXT(Tabla1[[#This Row],[fecha]],"DMMAAAA")&TEXT(Tabla1[[#This Row],[hora]],"HHmm")) -> 290120261728 | S82: =_xlfn.CONCAT(Tabla1[[#This Row],[codigo_]],Tabla1[[#This Row],[correlativo_]]) -> 290120261728801 | T82: =DAY(E82) & " de " & TEXT(E82, "mmmm") & " del " & YEAR(E82) -> 29 de enero del 2026 | U82: =_xlfn.XLOOKUP(Tabla1[[#This Row],[instructor_2]],diccionario_!$A$1:$A$11,diccionario_!$D$1:$D$11,,0) -> Gilerto Urtubia C. | V82: =TEXT(O82,"0%") -> 100% | W82: 13 de febrero del 2026 a las 10:33
A83: 802 | B83: Marcelo Camilo Barrera Acevedo | C83: 13.364.290-0 | D83: P-8549-2359-004-V01 | E83: 46064 | F83: 0.75 | G83: Alcapan Ñancupil Victor Octavio | O83: información de calificación errónea | P83: Generado | Q83: =IF(Tabla1[[#This Row],[evaluacion_]]="","",IF(Tabla1[[#This Row],[evaluacion_]]=1,"Habilitado","No Habilitado")) -> No Habilitado | R83: =IF(Tabla1[[#This Row],[fecha]]="","",TEXT(Tabla1[[#This Row],[fecha]],"DMMAAAA")&TEXT(Tabla1[[#This Row],[hora]],"HHmm")) -> 110220261800 | S83: =_xlfn.CONCAT(Tabla1[[#This Row],[codigo_]],Tabla1[[#This Row],[correlativo_]]) -> 110220261800802 | T83: =DAY(E83) & " de " & TEXT(E83, "mmmm") & " del " & YEAR(E83) -> 11 de febrero del 2026 | U83: =_xlfn.XLOOKUP(Tabla1[[#This Row],[instructor_2]],diccionario_!$A$1:$A$11,diccionario_!$D$1:$D$11,,0) -> Marcelo Barrera A. | V83: =TEXT(O83,"0%") -> información de calificación errónea | W83: 16 de febrero del 2026 a las 16:28
A84: 803 | B84: Daniel Rodrigo Carvajal Bucarey | C84: 10.528.715-1 | E84: 46059 | F84: 0.74305556 | G84: Altamirano Oyanedel Gonzalo Alberto | O84: información de calificación errónea | P84: Generado | Q84: =IF(Tabla1[[#This Row],[evaluacion_]]="","",IF(Tabla1[[#This Row],[evaluacion_]]=1,"Habilitado","No Habilitado")) -> No Habilitado | R84: =IF(Tabla1[[#This Row],[fecha]]="","",TEXT(Tabla1[[#This Row],[fecha]],"DMMAAAA")&TEXT(Tabla1[[#This Row],[hora]],"HHmm")) -> 60220261750 | S84: =_xlfn.CONCAT(Tabla1[[#This Row],[codigo_]],Tabla1[[#This Row],[correlativo_]]) -> 60220261750803 | T84: =DAY(E84) & " de " & TEXT(E84, "mmmm") & " del " & YEAR(E84) -> 6 de febrero del 2026 | U84: =_xlfn.XLOOKUP(Tabla1[[#This Row],[instructor_2]],diccionario_!$A$1:$A$11,diccionario_!$D$1:$D$11,,0) -> Daniel Carvajal B. | V84: =TEXT(O84,"0%") -> información de calificación errónea | W84: 16 de febrero del 2026 a las 16:28
A85: 804 | O85: 1 | P85: Generado | Q85: =IF(Tabla1[[#This Row],[evaluacion_]]="","",IF(Tabla1[[#This Row],[evaluacion_]]=1,"Habilitado","No Habilitado")) -> Habilitado | R85: =IF(Tabla1[[#This Row],[fecha]]="","",TEXT(Tabla1[[#This Row],[fecha]],"DMMAAAA")&TEXT(Tabla1[[#This Row],[hora]],"HHmm")) | S85: =_xlfn.CONCAT(Tabla1[[#This Row],[codigo_]],Tabla1[[#This Row],[correlativo_]]) -> 804 | T85: =DAY(E85) & " de " & TEXT(E85, "mmmm") & " del " & YEAR(E85) -> 0 de enero del 1900 | U85: =_xlfn.XLOOKUP(Tabla1[[#This Row],[instructor_2]],diccionario_!$A$1:$A$11,diccionario_!$D$1:$D$11,,0) -> 0 | V85: =TEXT(O85,"0%") -> 100% | W85: 16 de febrero del 2026 a las 16:28
A86: 805 | B86: Marcelo Camilo Barrera Acevedo | C86: 13.364.290-0 | D86: P-8549-2359-004-V01 | E86: 46064 | F86: 0.75 | G86: Alcapan Ñancupil Victor Octavio | H86: 14036195-5 | I86: MERCEDES BENZ | J86: BUS 1 PISO | K86: O500 RS - OC500 RF | N86: O500 RS - OC500 RF | O86: 1 | P86: Generado | Q86: =IF(Tabla1[[#This Row],[evaluacion_]]="","",IF(Tabla1[[#This Row],[evaluacion_]]=1,"Habilitado","No Habilitado")) -> Habilitado | R86: =IF(Tabla1[[#This Row],[fecha]]="","",TEXT(Tabla1[[#This Row],[fecha]],"DMMAAAA")&TEXT(Tabla1[[#This Row],[hora]],"HHmm")) -> 110220261800 | S86: =_xlfn.CONCAT(Tabla1[[#This Row],[codigo_]],Tabla1[[#This Row],[correlativo_]]) -> 110220261800805 | T86: =DAY(E86) & " de " & TEXT(E86, "mmmm") & " del " & YEAR(E86) -> 11 de febrero del 2026 | U86: =_xlfn.XLOOKUP(Tabla1[[#This Row],[instructor_2]],diccionario_!$A$1:$A$11,diccionario_!$D$1:$D$11,,0) -> Marcelo Barrera A. | V86: =TEXT(O86,"0%") -> 100% | W86: 16 de febrero del 2026 a las 16:31
A87: 806 | B87: Marcelo Camilo Barrera Acevedo | C87: 13.364.290-0 | D87: P-8549-2359-004-V01 | E87: 46069 | F87: 0.75 | G87: Alcapan Ñancupil Victor Octavio | H87: 14036195-6 | I87: SCANIA | J87: BUS 1 PISO | K87: K 360 IB | N87: K 360 IB | O87: 1 | P87: Generado | Q87: =IF(Tabla1[[#This Row],[evaluacion_]]="","",IF(Tabla1[[#This Row],[evaluacion_]]=1,"Habilitado","No Habilitado")) -> Habilitado | R87: =IF(Tabla1[[#This Row],[fecha]]="","",TEXT(Tabla1[[#This Row],[fecha]],"DMMAAAA")&TEXT(Tabla1[[#This Row],[hora]],"HHmm")) -> 160220261800 | S87: =_xlfn.CONCAT(Tabla1[[#This Row],[codigo_]],Tabla1[[#This Row],[correlativo_]]) -> 160220261800806 | T87: =DAY(E87) & " de " & TEXT(E87, "mmmm") & " del " & YEAR(E87) -> 16 de febrero del 2026 | U87: =_xlfn.XLOOKUP(Tabla1[[#This Row],[instructor_2]],diccionario_!$A$1:$A$11,diccionario_!$D$1:$D$11,,0) -> Marcelo Barrera A. | V87: =TEXT(O87,"0%") -> 100% | W87: 16 de febrero del 2026 a las 16:31
A88: 807 | B88: Milla Miranda Guillermo Andres | C88: 15.325.100-2 | D88: P-8549-2359-004-V01 | E88: 46071 | F88: 0.625 | G88: Araya Nettle Raul Edgardo | H88: 7.979.576-3 | I88: SCANIA | J88: BUS 1 PISO | K88: K 410CB | N88: K 410CB | O88: 1 | P88: Generado | Q88: =IF(Tabla1[[#This Row],[evaluacion_]]="","",IF(Tabla1[[#This Row],[evaluacion_]]=1,"Habilitado","No Habilitado")) -> Habilitado | R88: =IF(Tabla1[[#This Row],[fecha]]="","",TEXT(Tabla1[[#This Row],[fecha]],"DMMAAAA")&TEXT(Tabla1[[#This Row],[hora]],"HHmm")) -> 180220261500 | S88: =_xlfn.CONCAT(Tabla1[[#This Row],[codigo_]],Tabla1[[#This Row],[correlativo_]]) -> 180220261500807 | T88: =DAY(E88) & " de " & TEXT(E88, "mmmm") & " del " & YEAR(E88) -> 18 de febrero del 2026 | U88: =_xlfn.XLOOKUP(Tabla1[[#This Row],[instructor_2]],diccionario_!$A$1:$A$11,diccionario_!$D$1:$D$11,,0) -> Guillermo Milla M. | V88: =TEXT(O88,"0%") -> 100% | W88: 18 de febrero del 2026 a las 17:19
A89: 808 | B89: Milla Miranda Guillermo Andres | C89: 15.325.100-2 | D89: P-8549-2359-004-V01 | E89: 46071 | F89: 0.625 | G89: Fernandez Fernandez Luis Felipe | H89: 13.073.104-k | I89: SCANIA | J89: BUS 1 PISO | K89: K 410CB | N89: K 410CB | O89: 1 | P89: Generado | Q89: =IF(Tabla1[[#This Row],[evaluacion_]]="","",IF(Tabla1[[#This Row],[evaluacion_]]=1,"Habilitado","No Habilitado")) -> Habilitado | R89: =IF(Tabla1[[#This Row],[fecha]]="","",TEXT(Tabla1[[#This Row],[fecha]],"DMMAAAA")&TEXT(Tabla1[[#This Row],[hora]],"HHmm")) -> 180220261500 | S89: =_xlfn.CONCAT(Tabla1[[#This Row],[codigo_]],Tabla1[[#This Row],[correlativo_]]) -> 180220261500808 | T89: =DAY(E89) & " de " & TEXT(E89, "mmmm") & " del " & YEAR(E89) -> 18 de febrero del 2026 | U89: =_xlfn.XLOOKUP(Tabla1[[#This Row],[instructor_2]],diccionario_!$A$1:$A$11,diccionario_!$D$1:$D$11,,0) -> Guillermo Milla M. | V89: =TEXT(O89,"0%") -> 100% | W89: 18 de febrero del 2026 a las 17:19
A90: 809 | B90: Milla Miranda Guillermo Andres | C90: 15.325.100-2 | D90: P-8549-2359-004-V01 | E90: 46071 | F90: 0.625 | G90: Gutierrez Bartolo Johnny Nelson | H90: 9.922.453-3 | I90: SCANIA | J90: BUS 1 PISO | K90: K 410CB | N90: K 410CB | O90: 1 | P90: Generado | Q90: =IF(Tabla1[[#This Row],[evaluacion_]]="","",IF(Tabla1[[#This Row],[evaluacion_]]=1,"Habilitado","No Habilitado")) -> Habilitado | R90: =IF(Tabla1[[#This Row],[fecha]]="","",TEXT(Tabla1[[#This Row],[fecha]],"DMMAAAA")&TEXT(Tabla1[[#This Row],[hora]],"HHmm")) -> 180220261500 | S90: =_xlfn.CONCAT(Tabla1[[#This Row],[codigo_]],Tabla1[[#This Row],[correlativo_]]) -> 180220261500809 | T90: =DAY(E90) & " de " & TEXT(E90, "mmmm") & " del " & YEAR(E90) -> 18 de febrero del 2026 | U90: =_xlfn.XLOOKUP(Tabla1[[#This Row],[instructor_2]],diccionario_!$A$1:$A$11,diccionario_!$D$1:$D$11,,0) -> Guillermo Milla M. | V90: =TEXT(O90,"0%") -> 100% | W90: 18 de febrero del 2026 a las 17:19
A91: 810 | B91: Milla Miranda Guillermo Andres | C91: 15.325.100-2 | D91: P-8549-2359-004-V01 | E91: 46071 | F91: 0.625 | G91: Castillo Gatica Juan Ambrosio | H91: 15.104.915-k | I91: SCANIA | J91: BUS 1 PISO | K91: K 410CB | N91: K 410CB | O91: 1 | P91: Generado | Q91: =IF(Tabla1[[#This Row],[evaluacion_]]="","",IF(Tabla1[[#This Row],[evaluacion_]]=1,"Habilitado","No Habilitado")) -> Habilitado | R91: =IF(Tabla1[[#This Row],[fecha]]="","",TEXT(Tabla1[[#This Row],[fecha]],"DMMAAAA")&TEXT(Tabla1[[#This Row],[hora]],"HHmm")) -> 180220261500 | S91: =_xlfn.CONCAT(Tabla1[[#This Row],[codigo_]],Tabla1[[#This Row],[correlativo_]]) -> 180220261500810 | T91: =DAY(E91) & " de " & TEXT(E91, "mmmm") & " del " & YEAR(E91) -> 18 de febrero del 2026 | U91: =_xlfn.XLOOKUP(Tabla1[[#This Row],[instructor_2]],diccionario_!$A$1:$A$11,diccionario_!$D$1:$D$11,,0) -> Guillermo Milla M. | V91: =TEXT(O91,"0%") -> 100% | W91: 18 de febrero del 2026 a las 17:19
A92: 811 | B92: Milla Miranda Guillermo Andres | C92: 15.325.100-2 | D92: P-8549-2359-004-V01 | E92: 46071 | F92: 0.625 | G92: Alarcon Araya Carlos Alberto | H92: 12.702.825-7 | I92: SCANIA | J92: BUS 1 PISO | K92: K 410CB | N92: K 410CB | O92: 1 | P92: Generado | Q92: =IF(Tabla1[[#This Row],[evaluacion_]]="","",IF(Tabla1[[#This Row],[evaluacion_]]=1,"Habilitado","No Habilitado")) -> Habilitado | R92: =IF(Tabla1[[#This Row],[fecha]]="","",TEXT(Tabla1[[#This Row],[fecha]],"DMMAAAA")&TEXT(Tabla1[[#This Row],[hora]],"HHmm")) -> 180220261500 | S92: =_xlfn.CONCAT(Tabla1[[#This Row],[codigo_]],Tabla1[[#This Row],[correlativo_]]) -> 180220261500811 | T92: =DAY(E92) & " de " & TEXT(E92, "mmmm") & " del " & YEAR(E92) -> 18 de febrero del 2026 | U92: =_xlfn.XLOOKUP(Tabla1[[#This Row],[instructor_2]],diccionario_!$A$1:$A$11,diccionario_!$D$1:$D$11,,0) -> Guillermo Milla M. | V92: =TEXT(O92,"0%") -> 100% | W92: 18 de febrero del 2026 a las 17:19
A93: 812 | B93: Milla Miranda Guillermo Andres | C93: 15.325.100-2 | D93: P-8549-2359-004-V01 | E93: 46071 | F93: 0.625 | G93: Avendaño Diaz Ernesto Alejandro | H93: 17.655.659-5 | I93: SCANIA | J93: BUS 1 PISO | K93: K 410CB | N93: K 410CB | O93: 1 | P93: Generado | Q93: =IF(Tabla1[[#This Row],[evaluacion_]]="","",IF(Tabla1[[#This Row],[evaluacion_]]=1,"Habilitado","No Habilitado")) -> Habilitado | R93: =IF(Tabla1[[#This Row],[fecha]]="","",TEXT(Tabla1[[#This Row],[fecha]],"DMMAAAA")&TEXT(Tabla1[[#This Row],[hora]],"HHmm")) -> 180220261500 | S93: =_xlfn.CONCAT(Tabla1[[#This Row],[codigo_]],Tabla1[[#This Row],[correlativo_]]) -> 180220261500812 | T93: =DAY(E93) & " de " & TEXT(E93, "mmmm") & " del " & YEAR(E93) -> 18 de febrero del 2026 | U93: =_xlfn.XLOOKUP(Tabla1[[#This Row],[instructor_2]],diccionario_!$A$1:$A$11,diccionario_!$D$1:$D$11,,0) -> Guillermo Milla M. | V93: =TEXT(O93,"0%") -> 100% | W93: 18 de febrero del 2026 a las 17:19
A94: 813 | B94: Milla Miranda Guillermo Andres | C94: 15.325.100-2 | D94: P-8549-2359-004-V01 | E94: 46071 | F94: 0.625 | G94: Duarte Ríos Rodrigo Alejandro | H94: 16.522.751-4 | I94: SCANIA | J94: BUS 1 PISO | K94: K 410CB | N94: K 410CB | O94: 1 | P94: Generado | Q94: =IF(Tabla1[[#This Row],[evaluacion_]]="","",IF(Tabla1[[#This Row],[evaluacion_]]=1,"Habilitado","No Habilitado")) -> Habilitado | R94: =IF(Tabla1[[#This Row],[fecha]]="","",TEXT(Tabla1[[#This Row],[fecha]],"DMMAAAA")&TEXT(Tabla1[[#This Row],[hora]],"HHmm")) -> 180220261500 | S94: =_xlfn.CONCAT(Tabla1[[#This Row],[codigo_]],Tabla1[[#This Row],[correlativo_]]) -> 180220261500813 | T94: =DAY(E94) & " de " & TEXT(E94, "mmmm") & " del " & YEAR(E94) -> 18 de febrero del 2026 | U94: =_xlfn.XLOOKUP(Tabla1[[#This Row],[instructor_2]],diccionario_!$A$1:$A$11,diccionario_!$D$1:$D$11,,0) -> Guillermo Milla M. | V94: =TEXT(O94,"0%") -> 100% | W94: 18 de febrero del 2026 a las 17:19
A95: 814 | B95: Milla Miranda Guillermo Andres | C95: 15.325.100-2 | D95: P-8549-2359-004-V01 | E95: 46071 | F95: 0.625 | G95: Sepulveda Lazo Emilio Gerardo | H95: 25.997.331-7 | I95: SCANIA | J95: BUS 1 PISO | K95: K 410CB | N95: K 410CB | O95: 1 | P95: Generado | Q95: =IF(Tabla1[[#This Row],[evaluacion_]]="","",IF(Tabla1[[#This Row],[evaluacion_]]=1,"Habilitado","No Habilitado")) -> Habilitado | R95: =IF(Tabla1[[#This Row],[fecha]]="","",TEXT(Tabla1[[#This Row],[fecha]],"DMMAAAA")&TEXT(Tabla1[[#This Row],[hora]],"HHmm")) -> 180220261500 | S95: =_xlfn.CONCAT(Tabla1[[#This Row],[codigo_]],Tabla1[[#This Row],[correlativo_]]) -> 180220261500814 | T95: =DAY(E95) & " de " & TEXT(E95, "mmmm") & " del " & YEAR(E95) -> 18 de febrero del 2026 | U95: =_xlfn.XLOOKUP(Tabla1[[#This Row],[instructor_2]],diccionario_!$A$1:$A$11,diccionario_!$D$1:$D$11,,0) -> Guillermo Milla M. | V95: =TEXT(O95,"0%") -> 100% | W95: 18 de febrero del 2026 a las 17:19
A96: 815 | B96: Marcelo Camilo Barrera Acevedo | C96: 13.364.290-0 | D96: P-8549-2359-004-V01 | E96: 46072 | F96: 0.5 | G96: Avendaño Diaz Ernesto Alejandro | H96: 17.655.659-5 | I96: MERCEDES BENZ | J96: MINIBUS | K96: SPRINTER 315 – 415 – 515 – 517 4X2 | N96: SPRINTER 315 – 415 – 515 – 517 4X2 | O96: 1 | P96: Generado | Q96: =IF(Tabla1[[#This Row],[evaluacion_]]="","",IF(Tabla1[[#This Row],[evaluacion_]]=1,"Habilitado","No Habilitado")) -> Habilitado | R96: =IF(Tabla1[[#This Row],[fecha]]="","",TEXT(Tabla1[[#This Row],[fecha]],"DMMAAAA")&TEXT(Tabla1[[#This Row],[hora]],"HHmm")) -> 190220261200 | S96: =_xlfn.CONCAT(Tabla1[[#This Row],[codigo_]],Tabla1[[#This Row],[correlativo_]]) -> 190220261200815 | T96: =DAY(E96) & " de " & TEXT(E96, "mmmm") & " del " & YEAR(E96) -> 19 de febrero del 2026 | U96: =_xlfn.XLOOKUP(Tabla1[[#This Row],[instructor_2]],diccionario_!$A$1:$A$11,diccionario_!$D$1:$D$11,,0) -> Marcelo Barrera A. | V96: =TEXT(O96,"0%") -> 100% | W96: 19 de febrero del 2026 a las 14:20
A97: 816 | B97: Marcelo Camilo Barrera Acevedo | C97: 13.364.290-0 | D97: P-8549-2359-004-V01 | E97: 46072 | F97: 0.58333333 | G97: Fernandez Fernandez Luis Felipe | H97: 13.073.104-k | I97: MERCEDES BENZ | J97: MINIBUS | K97: SPRINTER 315 – 415 – 515 – 517 4X3 | N97: SPRINTER 315 – 415 – 515 – 517 4X3 | O97: 1 | P97: Generado | Q97: =IF(Tabla1[[#This Row],[evaluacion_]]="","",IF(Tabla1[[#This Row],[evaluacion_]]=1,"Habilitado","No Habilitado")) -> Habilitado | R97: =IF(Tabla1[[#This Row],[fecha]]="","",TEXT(Tabla1[[#This Row],[fecha]],"DMMAAAA")&TEXT(Tabla1[[#This Row],[hora]],"HHmm")) -> 190220261400 | S97: =_xlfn.CONCAT(Tabla1[[#This Row],[codigo_]],Tabla1[[#This Row],[correlativo_]]) -> 190220261400816 | T97: =DAY(E97) & " de " & TEXT(E97, "mmmm") & " del " & YEAR(E97) -> 19 de febrero del 2026 | U97: =_xlfn.XLOOKUP(Tabla1[[#This Row],[instructor_2]],diccionario_!$A$1:$A$11,diccionario_!$D$1:$D$11,,0) -> Marcelo Barrera A. | V97: =TEXT(O97,"0%") -> 100% | W97: 19 de febrero del 2026 a las 14:20
... A100: 819 | B100: Marcelo Camilo Barrera Acevedo | C100: 13.364.290-0 | D100: P-8549-2359-004-V01 | E100: 46072 | F100: 0.59375 | G100: Castillo Gatica Juan Ambrosio | H100: 15.104.915-k | I100: MERCEDES BENZ | J100: MINIBUS | K100: SPRINTER 315 – 415 – 515 – 517 4X6 | N100: SPRINTER 315 – 415 – 515 – 517 4X6 | O100: 1 | P100: Generado | Q100: =IF(Tabla1[[#This Row],[evaluacion_]]="","",IF(Tabla1[[#This Row],[evaluacion_]]=1,"Habilitado","No Habilitado")) -> Habilitado | R100: =IF(Tabla1[[#This Row],[fecha]]="","",TEXT(Tabla1[[#This Row],[fecha]],"DMMAAAA")&TEXT(Tabla1[[#This Row],[hora]],"HHmm")) -> 190220261415 | S100: =_xlfn.CONCAT(Tabla1[[#This Row],[codigo_]],Tabla1[[#This Row],[correlativo_]]) -> 190220261415819 | T100: =DAY(E100) & " de " & TEXT(E100, "mmmm") & " del " & YEAR(E100) -> 19 de febrero del 2026 | U100: =_xlfn.XLOOKUP(Tabla1[[#This Row],[instructor_2]],diccionario_!$A$1:$A$11,diccionario_!$D$1:$D$11,,0) -> Marcelo Barrera A. | V100: =TEXT(O100,"0%") -> 100% | W100: 19 de febrero del 2026 a las 14:20
A101: 820 | B101: Marcelo Camilo Barrera Acevedo | C101: 13.364.290-0 | D101: P-8549-2359-004-V01 | E101: 46079 | F101: 0.41666667 | G101: Miranda Miranda Waldo | H101: 10.774.278-6 | I101: SCANIA | J101: BUS 1 PISO | K101: K 410CB | L101: K 360 IB | N101: K 410CB - K 360 IB | O101: 1 | P101: Generado | Q101: =IF(Tabla1[[#This Row],[evaluacion_]]="","",IF(Tabla1[[#This Row],[evaluacion_]]=1,"Habilitado","No Habilitado")) -> Habilitado | R101: =IF(Tabla1[[#This Row],[fecha]]="","",TEXT(Tabla1[[#This Row],[fecha]],"DMMAAAA")&TEXT(Tabla1[[#This Row],[hora]],"HHmm")) -> 260220261000 | S101: =_xlfn.CONCAT(Tabla1[[#This Row],[codigo_]],Tabla1[[#This Row],[correlativo_]]) -> 260220261000820 | T101: =DAY(E101) & " de " & TEXT(E101, "mmmm") & " del " & YEAR(E101) -> 26 de febrero del 2026 | U101: =_xlfn.XLOOKUP(Tabla1[[#This Row],[instructor_2]],diccionario_!$A$1:$A$11,diccionario_!$D$1:$D$11,,0) -> Marcelo Barrera A. | V101: =TEXT(O101,"0%") -> 100% | W101: 26 de febrero del 2026 a las 11:44
A102: 821 | B102: Marcelo Camilo Barrera Acevedo | C102: 13.364.290-0 | D102: P-8549-2359-004-V01 | E102: 46079 | F102: 0.41666667 | G102: Ramirez Medina Juan | H102: 22.512.550-3 | I102: SCANIA | J102: BUS 1 PISO | K102: K 360 IB | L102: K 410CB | N102: K 360 IB - K 410CB | O102: 1 | P102: Generado | Q102: =IF(Tabla1[[#This Row],[evaluacion_]]="","",IF(Tabla1[[#This Row],[evaluacion_]]=1,"Habilitado","No Habilitado")) -> Habilitado | R102: =IF(Tabla1[[#This Row],[fecha]]="","",TEXT(Tabla1[[#This Row],[fecha]],"DMMAAAA")&TEXT(Tabla1[[#This Row],[hora]],"HHmm")) -> 260220261000 | S102: =_xlfn.CONCAT(Tabla1[[#This Row],[codigo_]],Tabla1[[#This Row],[correlativo_]]) -> 260220261000821 | T102: =DAY(E102) & " de " & TEXT(E102, "mmmm") & " del " & YEAR(E102) -> 26 de febrero del 2026 | U102: =_xlfn.XLOOKUP(Tabla1[[#This Row],[instructor_2]],diccionario_!$A$1:$A$11,diccionario_!$D$1:$D$11,,0) -> Marcelo Barrera A. | V102: =TEXT(O102,"0%") -> 100% | W102: 26 de febrero del 2026 a las 11:44
A103: 822 | B103: Marcelo Camilo Barrera Acevedo | C103: 13.364.290-0 | D103: P-8549-2359-004-V01 | E103: 46072 | F103: 0.75 | G103: Barraza Suares Pedro Hernán | H103: 13.529.137-4 | I103: MERCEDES BENZ | J103: TAXIBUS | K103: LO915 - LO916 | N103: LO915 - LO916 | O103: 1 | P103: Generado | Q103: =IF(Tabla1[[#This Row],[evaluacion_]]="","",IF(Tabla1[[#This Row],[evaluacion_]]=1,"Habilitado","No Habilitado")) -> Habilitado | R103: =IF(Tabla1[[#This Row],[fecha]]="","",TEXT(Tabla1[[#This Row],[fecha]],"DMMAAAA")&TEXT(Tabla1[[#This Row],[hora]],"HHmm")) -> 190220261800 | S103: =_xlfn.CONCAT(Tabla1[[#This Row],[codigo_]],Tabla1[[#This Row],[correlativo_]]) -> 190220261800822 | T103: =DAY(E103) & " de " & TEXT(E103, "mmmm") & " del " & YEAR(E103) -> 19 de febrero del 2026 | U103: =_xlfn.XLOOKUP(Tabla1[[#This Row],[instructor_2]],diccionario_!$A$1:$A$11,diccionario_!$D$1:$D$11,,0) -> Marcelo Barrera A. | V103: =TEXT(O103,"0%") -> 100% | W103: 26 de febrero del 2026 a las 13:19
A104: 823 | B104: Marcelo Camilo Barrera Acevedo | C104: 13.364.290-0 | D104: P-8549-2359-004-V01 | E104: 46072 | F104: 0.75 | G104: Barraza Suares Pedro Hernán | H104: 13.529.137-4 | I104: MERCEDES BENZ | J104: MINIBUS | K104: SPRINTER 315 – 415 – 515 – 517 4X2 | N104: SPRINTER 315 – 415 – 515 – 517 4X2 | O104: 1 | P104: Generado | Q104: =IF(Tabla1[[#This Row],[evaluacion_]]="","",IF(Tabla1[[#This Row],[evaluacion_]]=1,"Habilitado","No Habilitado")) -> Habilitado | R104: =IF(Tabla1[[#This Row],[fecha]]="","",TEXT(Tabla1[[#This Row],[fecha]],"DMMAAAA")&TEXT(Tabla1[[#This Row],[hora]],"HHmm")) -> 190220261800 | S104: =_xlfn.CONCAT(Tabla1[[#This Row],[codigo_]],Tabla1[[#This Row],[correlativo_]]) -> 190220261800823 | T104: =DAY(E104) & " de " & TEXT(E104, "mmmm") & " del " & YEAR(E104) -> 19 de febrero del 2026 | U104: =_xlfn.XLOOKUP(Tabla1[[#This Row],[instructor_2]],diccionario_!$A$1:$A$11,diccionario_!$D$1:$D$11,,0) -> Marcelo Barrera A. | V104: =TEXT(O104,"0%") -> 100% | W104: 26 de febrero del 2026 a las 13:19
A105: 824 | B105: Marcelo Camilo Barrera Acevedo | C105: 13.364.290-0 | D105: P-8549-2359-004-V01 | E105: 46079 | F105: 0.54166667 | G105: Umanzor Arriagada Noemí Alejandra | H105: 10.552.459-5 | I105: MERCEDES BENZ | J105: MINIBUS | K105: SPRINTER 315 – 415 – 515 – 517 4X2 | N105: SPRINTER 315 – 415 – 515 – 517 4X2 | O105: 1 | P105: Generado | Q105: =IF(Tabla1[[#This Row],[evaluacion_]]="","",IF(Tabla1[[#This Row],[evaluacion_]]=1,"Habilitado","No Habilitado")) -> Habilitado | R105: =IF(Tabla1[[#This Row],[fecha]]="","",TEXT(Tabla1[[#This Row],[fecha]],"DMMAAAA")&TEXT(Tabla1[[#This Row],[hora]],"HHmm")) -> 260220261300 | S105: =_xlfn.CONCAT(Tabla1[[#This Row],[codigo_]],Tabla1[[#This Row],[correlativo_]]) -> 260220261300824 | T105: =DAY(E105) & " de " & TEXT(E105, "mmmm") & " del " & YEAR(E105) -> 26 de febrero del 2026 | U105: =_xlfn.XLOOKUP(Tabla1[[#This Row],[instructor_2]],diccionario_!$A$1:$A$11,diccionario_!$D$1:$D$11,,0) -> Marcelo Barrera A. | V105: =TEXT(O105,"0%") -> 100% | W105: 26 de febrero del 2026 a las 14:34
A106: 825 | B106: Marcelo Camilo Barrera Acevedo | C106: 13.364.290-0 | D106: P-8549-2359-004-V01 | E106: 46079 | F106: 0.54513889 | G106: Vega Diaz Orlando Andres | H106: 13.442.335-8 | I106: MERCEDES BENZ | J106: MINIBUS | K106: SPRINTER 315 – 415 – 515 – 517 4X2 | N106: SPRINTER 315 – 415 – 515 – 517 4X2 | O106: 1 | P106: Generado | Q106: =IF(Tabla1[[#This Row],[evaluacion_]]="","",IF(Tabla1[[#This Row],[evaluacion_]]=1,"Habilitado","No Habilitado")) -> Habilitado | R106: =IF(Tabla1[[#This Row],[fecha]]="","",TEXT(Tabla1[[#This Row],[fecha]],"DMMAAAA")&TEXT(Tabla1[[#This Row],[hora]],"HHmm")) -> 260220261305 | S106: =_xlfn.CONCAT(Tabla1[[#This Row],[codigo_]],Tabla1[[#This Row],[correlativo_]]) -> 260220261305825 | T106: =DAY(E106) & " de " & TEXT(E106, "mmmm") & " del " & YEAR(E106) -> 26 de febrero del 2026 | U106: =_xlfn.XLOOKUP(Tabla1[[#This Row],[instructor_2]],diccionario_!$A$1:$A$11,diccionario_!$D$1:$D$11,,0) -> Marcelo Barrera A. | V106: =TEXT(O106,"0%") -> 100% | W106: 26 de febrero del 2026 a las 14:34
A107: 826 | B107: Marcelo Camilo Barrera Acevedo | C107: 13.364.290-0 | D107: P-8549-2359-004-V01 | E107: 46079 | F107: 0.5 | G107: Vergara Vilca Luis Alberto Alexander | H107: 19.866.930-k | I107: MERCEDES BENZ | J107: MINIBUS | K107: SPRINTER 315 – 415 – 515 – 517 4X2 | N107: SPRINTER 315 – 415 – 515 – 517 4X2 | O107: 1 | P107: Generado | Q107: =IF(Tabla1[[#This Row],[evaluacion_]]="","",IF(Tabla1[[#This Row],[evaluacion_]]=1,"Habilitado","No Habilitado")) -> Habilitado | R107: =IF(Tabla1[[#This Row],[fecha]]="","",TEXT(Tabla1[[#This Row],[fecha]],"DMMAAAA")&TEXT(Tabla1[[#This Row],[hora]],"HHmm")) -> 260220261200 | S107: =_xlfn.CONCAT(Tabla1[[#This Row],[codigo_]],Tabla1[[#This Row],[correlativo_]]) -> 260220261200826 | T107: =DAY(E107) & " de " & TEXT(E107, "mmmm") & " del " & YEAR(E107) -> 26 de febrero del 2026 | U107: =_xlfn.XLOOKUP(Tabla1[[#This Row],[instructor_2]],diccionario_!$A$1:$A$11,diccionario_!$D$1:$D$11,,0) -> Marcelo Barrera A. | V107: =TEXT(O107,"0%") -> 100% | W107: 26 de febrero del 2026 a las 14:55
A108: 827 | B108: Marcelo Camilo Barrera Acevedo | C108: 13.364.290-0 | D108: P-8549-2359-004-V01 | E108: 46079 | F108: 0.58333333 | G108: Cruz Cruz Carlos Robin | H108: 11.505.885-1 | I108: MERCEDES BENZ | J108: MINIBUS | K108: SPRINTER 315 – 415 – 515 – 517 4X3 | N108: SPRINTER 315 – 415 – 515 – 517 4X3 | O108: 1 | P108: Generado | Q108: =IF(Tabla1[[#This Row],[evaluacion_]]="","",IF(Tabla1[[#This Row],[evaluacion_]]=1,"Habilitado","No Habilitado")) -> Habilitado | R108: =IF(Tabla1[[#This Row],[fecha]]="","",TEXT(Tabla1[[#This Row],[fecha]],"DMMAAAA")&TEXT(Tabla1[[#This Row],[hora]],"HHmm")) -> 260220261400 | S108: =_xlfn.CONCAT(Tabla1[[#This Row],[codigo_]],Tabla1[[#This Row],[correlativo_]]) -> 260220261400827 | T108: =DAY(E108) & " de " & TEXT(E108, "mmmm") & " del " & YEAR(E108) -> 26 de febrero del 2026 | U108: =_xlfn.XLOOKUP(Tabla1[[#This Row],[instructor_2]],diccionario_!$A$1:$A$11,diccionario_!$D$1:$D$11,,0) -> Marcelo Barrera A. | V108: =TEXT(O108,"0%") -> 100% | W108: 26 de febrero del 2026 a las 14:55
A109: 828 | B109: Daniel Rodrigo Carvajal Bucarey | C109: 10.528.715-1 | D109: P-8549-2359-004-V01 | E109: 45940 | F109: 0.74513889 | G109: Collao Olivares José Miguel | H109: 10.580.707-4 | I109: VOLVO | J109: BUS 2 PISOS | K109: B 420R - B 430R | L109: B 450R | N109: B 420R - B 430R - B 450R | O109: 1 | P109: Generado | Q109: =IF(Tabla1[[#This Row],[evaluacion_]]="","",IF(Tabla1[[#This Row],[evaluacion_]]=1,"Habilitado","No Habilitado")) -> Habilitado | R109: =IF(Tabla1[[#This Row],[fecha]]="","",TEXT(Tabla1[[#This Row],[fecha]],"DMMAAAA")&TEXT(Tabla1[[#This Row],[hora]],"HHmm")) -> 101020251753 | S109: =_xlfn.CONCAT(Tabla1[[#This Row],[codigo_]],Tabla1[[#This Row],[correlativo_]]) -> 101020251753828 | T109: =DAY(E109) & " de " & TEXT(E109, "mmmm") & " del " & YEAR(E109) -> 10 de octubre del 2025 | U109: =_xlfn.XLOOKUP(Tabla1[[#This Row],[instructor_2]],diccionario_!$A$1:$A$11,diccionario_!$D$1:$D$11,,0) -> Daniel Carvajal B. | V109: =TEXT(O109,"0%") -> 100% | W109: 2 de marzo del 2026 a las 16:00
...

Sheet Registro_
A1: correlativo_ | B1: instructor_2 | C1: rut_instructor | D1: codigo_perfil_cv | E1: fecha | F1: hora | G1: trabajador_ | H1: rut_trabajador | I1: marca_ | J1: tipo_1 | K1: modelo_1 | L1: modelo_2 | M1: modelo_3 | N1: modelos_todos | O1: evaluacion_ | P1: estado_certificado | Q1: autorizado_para_operar | R1: codigo_ | S1: folio_ | T1: fecha_texto | U1: firma_ | V1: calificacion_ | W1: fecha_firma2
A2: 16 | B2: Daniel Rodrigo Carvajal Bucarey | C2: 10.528.715-1 | D2: P-8549-2359-004-V01 | E2: 45844 | F2: 0.39583333 | G2: Gonzalez Miranda Amanda Raquel | H2: 14.561.027-3 | I2: ZHONG TONG | J2: BUS | K2: ZT LCK6129EV | N2: ZT LCK6129EV | O2: 1 | P2: generado | Q2: =IF(Tabla1[[#This Row],[evaluacion_]]="","",IF(Tabla1[[#This Row],[evaluacion_]]=1,"Habilitado","No Habilitado")) -> Habilitado | R2: =IF(Tabla1[[#This Row],[fecha]]="","",TEXT(Tabla1[[#This Row],[fecha]],"DMMAAAA")&TEXT(Tabla1[[#This Row],[hora]],"HHmm")) -> 200120261220 | S2: =_xlfn.CONCAT(Tabla1[[#This Row],[codigo_]],Tabla1[[#This Row],[correlativo_]]) -> 200120261220721 | T2: =DAY(E2) & " de " & TEXT(E2, "mmmm") & " del " & YEAR(E2) -> 6 de julio del 2025 | U2: =_xlfn.XLOOKUP(Tabla1[[#This Row],[instructor_2]],diccionario_!$A$1:$A$11,diccionario_!$D$1:$D$11,,0) -> Marcelo Barrera A. | V2: =TEXT(O2,"0%") -> 100% | W2: 11 de julio del 2025 a las 10:12
A3: 17 | B3: Daniel Rodrigo Carvajal Bucarey | C3: 10.528.715-1 | D3: P-8549-2359-004-V01 | E3: 45844 | F3: 0.39583333 | G3: Guaman Covarrubias Andres Elias | H3: 13.357.074-8 | I3: ZHONG TONG | J3: BUS | K3: ZT LCK6129EV | N3: ZT LCK6129EV | O3: 1 | P3: generado | Q3: =IF(Tabla1[[#This Row],[evaluacion_]]="","",IF(Tabla1[[#This Row],[evaluacion_]]=1,"Habilitado","No Habilitado")) -> Habilitado | R3: =IF(Tabla1[[#This Row],[fecha]]="","",TEXT(Tabla1[[#This Row],[fecha]],"DMMAAAA")&TEXT(Tabla1[[#This Row],[hora]],"HHmm")) -> 210120261750 | S3: =_xlfn.CONCAT(Tabla1[[#This Row],[codigo_]],Tabla1[[#This Row],[correlativo_]]) -> 210120261750722 | T3: =DAY(E3) & " de " & TEXT(E3, "mmmm") & " del " & YEAR(E3) -> 6 de julio del 2025 | U3: =_xlfn.XLOOKUP(Tabla1[[#This Row],[instructor_2]],diccionario_!$A$1:$A$11,diccionario_!$D$1:$D$11,,0) -> Marcelo Barrera A. | V3: =TEXT(O3,"0%") -> 100% | W3: 11 de julio del 2025 a las 10:12
A4: 18 | B4: Daniel Rodrigo Carvajal Bucarey | C4: 10.528.715-1 | D4: P-8549-2359-004-V01 | E4: 45844 | F4: 0.39583333 | G4: Lobos Delgado Frank Alexis | H4: 18.972.820-4 | I4: ZHONG TONG | J4: BUS | K4: ZT LCK6129EV | N4: ZT LCK6129EV | O4: 1 | P4: generado | Q4: =IF(Tabla1[[#This Row],[evaluacion_]]="","",IF(Tabla1[[#This Row],[evaluacion_]]=1,"Habilitado","No Habilitado")) -> Habilitado | R4: =IF(Tabla1[[#This Row],[fecha]]="","",TEXT(Tabla1[[#This Row],[fecha]],"DMMAAAA")&TEXT(Tabla1[[#This Row],[hora]],"HHmm")) -> 220120261615 | S4: =_xlfn.CONCAT(Tabla1[[#This Row],[codigo_]],Tabla1[[#This Row],[correlativo_]]) -> 220120261615723 | T4: =DAY(E4) & " de " & TEXT(E4, "mmmm") & " del " & YEAR(E4) -> 6 de julio del 2025 | U4: =_xlfn.XLOOKUP(Tabla1[[#This Row],[instructor_2]],diccionario_!$A$1:$A$11,diccionario_!$D$1:$D$11,,0) -> Marcelo Barrera A. | V4: =TEXT(O4,"0%") -> 100% | W4: 11 de julio del 2025 a las 10:12
A5: 19 | B5: Daniel Rodrigo Carvajal Bucarey | C5: 10.528.715-1 | D5: P-8549-2359-004-V01 | E5: 45844 | F5: 0.39583333 | G5: Madariaga Rodriguez Wilfredo Alberto | H5: 10.309.536-0 | I5: ZHONG TONG | J5: BUS | K5: ZT LCK6129EV | N5: ZT LCK6129EV | O5: 1 | P5: generado | Q5: =IF(Tabla1[[#This Row],[evaluacion_]]="","",IF(Tabla1[[#This Row],[evaluacion_]]=1,"Habilitado","No Habilitado")) -> Habilitado | R5: =IF(Tabla1[[#This Row],[fecha]]="","",TEXT(Tabla1[[#This Row],[fecha]],"DMMAAAA")&TEXT(Tabla1[[#This Row],[hora]],"HHmm")) -> 220120261610 | S5: =_xlfn.CONCAT(Tabla1[[#This Row],[codigo_]],Tabla1[[#This Row],[correlativo_]]) -> 220120261610724 | T5: =DAY(E5) & " de " & TEXT(E5, "mmmm") & " del " & YEAR(E5) -> 6 de julio del 2025 | U5: =_xlfn.XLOOKUP(Tabla1[[#This Row],[instructor_2]],diccionario_!$A$1:$A$11,diccionario_!$D$1:$D$11,,0) -> Marcelo Barrera A. | V5: =TEXT(O5,"0%") -> 100% | W5: 11 de julio del 2025 a las 10:12
A6: 20 | B6: Daniel Rodrigo Carvajal Bucarey | C6: 10.528.715-1 | D6: P-8549-2359-004-V01 | E6: 45844 | F6: 0.39583333 | G6: Molina Rocha Joiso Juan | H6: 8.907.872-5 | I6: ZHONG TONG | J6: BUS | K6: ZT LCK6129EV | N6: ZT LCK6129EV | O6: 1 | P6: generado | Q6: =IF(Tabla1[[#This Row],[evaluacion_]]="","",IF(Tabla1[[#This Row],[evaluacion_]]=1,"Habilitado","No Habilitado")) -> Habilitado | R6: =IF(Tabla1[[#This Row],[fecha]]="","",TEXT(Tabla1[[#This Row],[fecha]],"DMMAAAA")&TEXT(Tabla1[[#This Row],[hora]],"HHmm")) -> 210120261617 | S6: =_xlfn.CONCAT(Tabla1[[#This Row],[codigo_]],Tabla1[[#This Row],[correlativo_]]) -> 210120261617725 | T6: =DAY(E6) & " de " & TEXT(E6, "mmmm") & " del " & YEAR(E6) -> 6 de julio del 2025 | U6: =_xlfn.XLOOKUP(Tabla1[[#This Row],[instructor_2]],diccionario_!$A$1:$A$11,diccionario_!$D$1:$D$11,,0) -> Marcelo Barrera A. | V6: =TEXT(O6,"0%") -> 100% | W6: 11 de julio del 2025 a las 10:12
A7: 21 | B7: Daniel Rodrigo Carvajal Bucarey | C7: 10.528.715-1 | D7: P-8549-2359-004-V01 | E7: 45844 | F7: 0.39583333 | G7: Mondaca Muñoz Eduardo Antonio | H7: 14.622.667-1 | I7: ZHONG TONG | J7: BUS | K7: ZT LCK6129EV | N7: ZT LCK6129EV | O7: 1 | P7: generado | Q7: =IF(Tabla1[[#This Row],[evaluacion_]]="","",IF(Tabla1[[#This Row],[evaluacion_]]=1,"Habilitado","No Habilitado")) -> No Habilitado | R7: =IF(Tabla1[[#This Row],[fecha]]="","",TEXT(Tabla1[[#This Row],[fecha]],"DMMAAAA")&TEXT(Tabla1[[#This Row],[hora]],"HHmm")) -> 160120260900 | S7: =_xlfn.CONCAT(Tabla1[[#This Row],[codigo_]],Tabla1[[#This Row],[correlativo_]]) -> 160120260900726 | T7: =DAY(E7) & " de " & TEXT(E7, "mmmm") & " del " & YEAR(E7) -> 6 de julio del 2025 | U7: =_xlfn.XLOOKUP(Tabla1[[#This Row],[instructor_2]],diccionario_!$A$1:$A$11,diccionario_!$D$1:$D$11,,0) -> Guillermo Milla M. | V7: =TEXT(O7,"0%") -> 100% | W7: 11 de julio del 2025 a las 10:12
A8: 22 | B8: Daniel Rodrigo Carvajal Bucarey | C8: 10.528.715-1 | D8: P-8549-2359-004-V01 | E8: 45844 | F8: 0.39583333 | G8: Rivera Elgueta Silvia Del Rosario | H8: 10.117.619-3 | I8: ZHONG TONG | J8: BUS | K8: ZT LCK6129EV | N8: ZT LCK6129EV | O8: 1 | P8: generado | Q8: =IF(Tabla1[[#This Row],[evaluacion_]]="","",IF(Tabla1[[#This Row],[evaluacion_]]=1,"Habilitado","No Habilitado")) -> Habilitado | R8: =IF(Tabla1[[#This Row],[fecha]]="","",TEXT(Tabla1[[#This Row],[fecha]],"DMMAAAA")&TEXT(Tabla1[[#This Row],[hora]],"HHmm")) -> 260120261500 | S8: =_xlfn.CONCAT(Tabla1[[#This Row],[codigo_]],Tabla1[[#This Row],[correlativo_]]) -> 260120261500727 | T8: =DAY(E8) & " de " & TEXT(E8, "mmmm") & " del " & YEAR(E8) -> 6 de julio del 2025 | U8: =_xlfn.XLOOKUP(Tabla1[[#This Row],[instructor_2]],diccionario_!$A$1:$A$11,diccionario_!$D$1:$D$11,,0) -> Gilerto Urtubia C. | V8: =TEXT(O8,"0%") -> 100% | W8: 11 de julio del 2025 a las 10:12
A9: 23 | B9: Daniel Rodrigo Carvajal Bucarey | C9: 10.528.715-1 | D9: P-8549-2359-004-V01 | E9: 45844 | F9: 0.39583333 | G9: Rojas Marquez Carlos Alberto | H9: 25.445.393-5 | I9: ZHONG TONG | J9: BUS | K9: ZT LCK6129EV | N9: ZT LCK6129EV | O9: 1 | P9: generado | Q9: =IF(Tabla1[[#This Row],[evaluacion_]]="","",IF(Tabla1[[#This Row],[evaluacion_]]=1,"Habilitado","No Habilitado")) -> Habilitado | R9: =IF(Tabla1[[#This Row],[fecha]]="","",TEXT(Tabla1[[#This Row],[fecha]],"DMMAAAA")&TEXT(Tabla1[[#This Row],[hora]],"HHmm")) -> 260120261800 | S9: =_xlfn.CONCAT(Tabla1[[#This Row],[codigo_]],Tabla1[[#This Row],[correlativo_]]) -> 260120261800728 | T9: =DAY(E9) & " de " & TEXT(E9, "mmmm") & " del " & YEAR(E9) -> 6 de julio del 2025 | U9: =_xlfn.XLOOKUP(Tabla1[[#This Row],[instructor_2]],diccionario_!$A$1:$A$11,diccionario_!$D$1:$D$11,,0) -> Gilerto Urtubia C. | V9: =TEXT(O9,"0%") -> 100% | W9: 11 de julio del 2025 a las 10:12
A10: 24 | B10: Daniel Rodrigo Carvajal Bucarey | C10: 10.528.715-1 | D10: P-8549-2359-004-V01 | E10: 45844 | F10: 0.39583333 | G10: Salas Salgado Erwin Alejandro | H10: 14.333.830-4 | I10: ZHONG TONG | J10: BUS | K10: ZT LCK6129EV | N10: ZT LCK6129EV | O10: 1 | P10: generado | Q10: =IF(Tabla1[[#This Row],[evaluacion_]]="","",IF(Tabla1[[#This Row],[evaluacion_]]=1,"Habilitado","No Habilitado")) -> Habilitado | R10: =IF(Tabla1[[#This Row],[fecha]]="","",TEXT(Tabla1[[#This Row],[fecha]],"DMMAAAA")&TEXT(Tabla1[[#This Row],[hora]],"HHmm")) -> 50120261500 | S10: =_xlfn.CONCAT(Tabla1[[#This Row],[codigo_]],Tabla1[[#This Row],[correlativo_]]) -> 50120261500729 | T10: =DAY(E10) & " de " & TEXT(E10, "mmmm") & " del " & YEAR(E10) -> 6 de julio del 2025 | U10: =_xlfn.XLOOKUP(Tabla1[[#This Row],[instructor_2]],diccionario_!$A$1:$A$11,diccionario_!$D$1:$D$11,,0) -> Daniel Carvajal B. | V10: =TEXT(O10,"0%") -> 100% | W10: 11 de julio del 2025 a las 10:12
A11: 25 | B11: Daniel Rodrigo Carvajal Bucarey | C11: 10.528.715-1 | D11: P-8549-2359-004-V01 | E11: 45844 | F11: 0.39583333 | G11: Santibañez Pradenas Pedro Alfonso | H11: 9.724.427-8 | I11: ZHONG TONG | J11: BUS | K11: ZT LCK6129EV | N11: ZT LCK6129EV | O11: 1 | P11: generado | Q11: =IF(Tabla1[[#This Row],[evaluacion_]]="","",IF(Tabla1[[#This Row],[evaluacion_]]=1,"Habilitado","No Habilitado")) -> Habilitado | R11: =IF(Tabla1[[#This Row],[fecha]]="","",TEXT(Tabla1[[#This Row],[fecha]],"DMMAAAA")&TEXT(Tabla1[[#This Row],[hora]],"HHmm")) -> 60120261600 | S11: =_xlfn.CONCAT(Tabla1[[#This Row],[codigo_]],Tabla1[[#This Row],[correlativo_]]) -> 60120261600730 | T11: =DAY(E11) & " de " & TEXT(E11, "mmmm") & " del " & YEAR(E11) -> 6 de julio del 2025 | U11: =_xlfn.XLOOKUP(Tabla1[[#This Row],[instructor_2]],diccionario_!$A$1:$A$11,diccionario_!$D$1:$D$11,,0) -> Daniel Carvajal B. | V11: =TEXT(O11,"0%") -> 100% | W11: 11 de julio del 2025 a las 10:12
A12: 26 | B12: Daniel Rodrigo Carvajal Bucarey | C12: 10.528.715-1 | D12: P-8549-2359-004-V01 | E12: 45844 | F12: 0.39583333 | G12: Tapia Cortes Cristian Alejandro | H12: 15.013.992-9 | I12: ZHONG TONG | J12: BUS | K12: ZT LCK6129EV | N12: ZT LCK6129EV | O12: 1 | P12: generado | Q12: =IF(Tabla1[[#This Row],[evaluacion_]]="","",IF(Tabla1[[#This Row],[evaluacion_]]=1,"Habilitado","No Habilitado")) -> Habilitado | R12: =IF(Tabla1[[#This Row],[fecha]]="","",TEXT(Tabla1[[#This Row],[fecha]],"DMMAAAA")&TEXT(Tabla1[[#This Row],[hora]],"HHmm")) -> 60120261600 | S12: =_xlfn.CONCAT(Tabla1[[#This Row],[codigo_]],Tabla1[[#This Row],[correlativo_]]) -> 60120261600731 | T12: =DAY(E12) & " de " & TEXT(E12, "mmmm") & " del " & YEAR(E12) -> 6 de julio del 2025 | U12: =_xlfn.XLOOKUP(Tabla1[[#This Row],[instructor_2]],diccionario_!$A$1:$A$11,diccionario_!$D$1:$D$11,,0) -> Daniel Carvajal B. | V12: =TEXT(O12,"0%") -> 100% | W12: 11 de julio del 2025 a las 10:12
A13: 27 | B13: Daniel Rodrigo Carvajal Bucarey | C13: 10.528.715-1 | D13: P-8549-2359-004-V01 | E13: 45844 | F13: 0.39583333 | G13: Velásquez Lobos Sandro Jesús | H13: 13.296.040-2 | I13: ZHONG TONG | J13: BUS | K13: ZT LCK6129EV | N13: ZT LCK6129EV | O13: 1 | P13: generado | Q13: =IF(Tabla1[[#This Row],[evaluacion_]]="","",IF(Tabla1[[#This Row],[evaluacion_]]=1,"Habilitado","No Habilitado")) -> Habilitado | R13: =IF(Tabla1[[#This Row],[fecha]]="","",TEXT(Tabla1[[#This Row],[fecha]],"DMMAAAA")&TEXT(Tabla1[[#This Row],[hora]],"HHmm")) -> 60120261800 | S13: =_xlfn.CONCAT(Tabla1[[#This Row],[codigo_]],Tabla1[[#This Row],[correlativo_]]) -> 60120261800732 | T13: =DAY(E13) & " de " & TEXT(E13, "mmmm") & " del " & YEAR(E13) -> 6 de julio del 2025 | U13: =_xlfn.XLOOKUP(Tabla1[[#This Row],[instructor_2]],diccionario_!$A$1:$A$11,diccionario_!$D$1:$D$11,,0) -> Daniel Carvajal B. | V13: =TEXT(O13,"0%") -> 100% | W13: 11 de julio del 2025 a las 10:12
... A211: 326 | B211: Marcelo Camilo Barrera Acevedo | C211: 13.364.290-0 | D211: P-8549-2359-004-V01 | E211: 45852 | F211: 0.33333333 | G211: Ramos Tapia Manuel Guillermo | H211: 22.635.386-0 | I211: MERCEDES BENZ | J211: TAXIBUS | K211: SPRINTER 315 – 415 – 515 – 517 - 516 4X2 | N211: SPRINTER 315 – 415 – 515 – 517 - 516 4X2 | O211: 1 | P211: generado | Q211: =IF(Tabla1[[#This Row],[evaluacion_]]="","",IF(Tabla1[[#This Row],[evaluacion_]]=1,"Habilitado","No Habilitado")) -> Habilitado | R211: =IF(Tabla1[[#This Row],[fecha]]="","",TEXT(Tabla1[[#This Row],[fecha]],"DMMAAAA")&TEXT(Tabla1[[#This Row],[hora]],"HHmm")) -> 80420260900 | S211: =_xlfn.CONCAT(Tabla1[[#This Row],[codigo_]],Tabla1[[#This Row],[correlativo_]]) -> 80420260900930 | T211: =DAY(E211) & " de " & TEXT(E211, "mmmm") & " del " & YEAR(E211) -> 14 de julio del 2025 | U211: =_xlfn.XLOOKUP(Tabla1[[#This Row],[instructor_2]],diccionario_!$A$1:$A$11,diccionario_!$D$1:$D$11,,0) -> Guillermo Milla M. | V211: =TEXT(O211,"0%") -> 100% | W211: 16 de julio del 2025 a las 13:14
A212: 327 | B212: Marcelo Camilo Barrera Acevedo | C212: 13.364.290-0 | D212: P-8549-2359-004-V01 | E212: 45848 | F212: 0.33333333 | G212: Ibarbe Ibarbe Sebastián Andrés | H212: 17.246.002-k | I212: MERCEDES BENZ | J212: TAXIBUS | K212: SPRINTER 315 – 415 – 515 – 517 - 516 4X2 | L212: SPRINTER 516 4x4 | M212: LO915 - LO916 | N212: SPRINTER 315 – 415 – 515 – 517 - 516 4X2 - SPRINTER 516 4x4 - LO915 - LO916 | O212: 1 | P212: generado | Q212: =IF(Tabla1[[#This Row],[evaluacion_]]="","",IF(Tabla1[[#This Row],[evaluacion_]]=1,"Habilitado","No Habilitado")) -> Habilitado | R212: =IF(Tabla1[[#This Row],[fecha]]="","",TEXT(Tabla1[[#This Row],[fecha]],"DMMAAAA")&TEXT(Tabla1[[#This Row],[hora]],"HHmm")) -> 160320261000 | S212: =_xlfn.CONCAT(Tabla1[[#This Row],[codigo_]],Tabla1[[#This Row],[correlativo_]]) -> 160320261000931 | T212: =DAY(E212) & " de " & TEXT(E212, "mmmm") & " del " & YEAR(E212) -> 10 de julio del 2025 | U212: =_xlfn.XLOOKUP(Tabla1[[#This Row],[instructor_2]],diccionario_!$A$1:$A$11,diccionario_!$D$1:$D$11,,0) -> Guillermo Milla M. | V212: =TEXT(O212,"0%") -> 100% | W212: 16 de julio del 2025 a las 13:14
A213: 328 | B213: Marcelo Camilo Barrera Acevedo | C213: 13.364.290-0 | D213: P-8549-2359-004-V01 | E213: 45848 | F213: 0.33333333 | G213: Ibarbe Ibarbe Sebastián Andrés | H213: 17.246.002-k | I213: SCANIA | J213: BUS | K213: K 360 IB4x2 - K 410CB 4X2NB - F310 HB4X2 | N213: K 360 IB4x2 - K 410CB 4X2NB - F310 HB4X2 | O213: 1 | P213: generado | Q213: =IF(Tabla1[[#This Row],[evaluacion_]]="","",IF(Tabla1[[#This Row],[evaluacion_]]=1,"Habilitado","No Habilitado")) -> Habilitado | R213: =IF(Tabla1[[#This Row],[fecha]]="","",TEXT(Tabla1[[#This Row],[fecha]],"DMMAAAA")&TEXT(Tabla1[[#This Row],[hora]],"HHmm")) -> 160320261000 | S213: =_xlfn.CONCAT(Tabla1[[#This Row],[codigo_]],Tabla1[[#This Row],[correlativo_]]) -> 160320261000932 | T213: =DAY(E213) & " de " & TEXT(E213, "mmmm") & " del " & YEAR(E213) -> 10 de julio del 2025 | U213: =_xlfn.XLOOKUP(Tabla1[[#This Row],[instructor_2]],diccionario_!$A$1:$A$11,diccionario_!$D$1:$D$11,,0) -> Guillermo Milla M. | V213: =TEXT(O213,"0%") -> 100% | W213: 16 de julio del 2025 a las 13:14
A214: 329 | B214: Marcelo Camilo Barrera Acevedo | C214: 13.364.290-0 | D214: P-8549-2359-004-V01 | E214: 45852 | F214: 0.33333333 | G214: Calla Moreira Wilfredo | H214: 22.579.075-2 | I214: MERCEDES BENZ | J214: TAXIBUS | K214: SPRINTER 315 – 415 – 515 – 517 - 516 4X2 | N214: SPRINTER 315 – 415 – 515 – 517 - 516 4X2 | O214: 1 | P214: generado | Q214: =IF(Tabla1[[#This Row],[evaluacion_]]="","",IF(Tabla1[[#This Row],[evaluacion_]]=1,"Habilitado","No Habilitado")) -> Habilitado | R214: =IF(Tabla1[[#This Row],[fecha]]="","",TEXT(Tabla1[[#This Row],[fecha]],"DMMAAAA")&TEXT(Tabla1[[#This Row],[hora]],"HHmm")) -> 100420261500 | S214: =_xlfn.CONCAT(Tabla1[[#This Row],[codigo_]],Tabla1[[#This Row],[correlativo_]]) -> 100420261500933 | T214: =DAY(E214) & " de " & TEXT(E214, "mmmm") & " del " & YEAR(E214) -> 14 de julio del 2025 | U214: =_xlfn.XLOOKUP(Tabla1[[#This Row],[instructor_2]],diccionario_!$A$1:$A$11,diccionario_!$D$1:$D$11,,0) -> Guillermo Milla M. | V214: =TEXT(O214,"0%") -> 100% | W214: 16 de julio del 2025 a las 17:00
A215: 330 | B215: Marcelo Camilo Barrera Acevedo | C215: 13.364.290-0 | D215: P-8549-2359-004-V01 | E215: 45852 | F215: 0.33333333 | G215: Ramos Tapia Manuel Guillermo | H215: 22.635.386-0 | I215: MERCEDES BENZ | J215: TAXIBUS | K215: SPRINTER 315 – 415 – 515 – 517 - 516 4X2 | N215: SPRINTER 315 – 415 – 515 – 517 - 516 4X2 | O215: 1 | P215: generado | Q215: =IF(Tabla1[[#This Row],[evaluacion_]]="","",IF(Tabla1[[#This Row],[evaluacion_]]=1,"Habilitado","No Habilitado")) -> Habilitado | R215: =IF(Tabla1[[#This Row],[fecha]]="","",TEXT(Tabla1[[#This Row],[fecha]],"DMMAAAA")&TEXT(Tabla1[[#This Row],[hora]],"HHmm")) -> 100420261500 | S215: =_xlfn.CONCAT(Tabla1[[#This Row],[codigo_]],Tabla1[[#This Row],[correlativo_]]) -> 100420261500934 | T215: =DAY(E215) & " de " & TEXT(E215, "mmmm") & " del " & YEAR(E215) -> 14 de julio del 2025 | U215: =_xlfn.XLOOKUP(Tabla1[[#This Row],[instructor_2]],diccionario_!$A$1:$A$11,diccionario_!$D$1:$D$11,,0) -> Guillermo Milla M. | V215: =TEXT(O215,"0%") -> 100% | W215: 16 de julio del 2025 a las 17:00
A216: 331 | B216: Marcelo Camilo Barrera Acevedo | C216: 13.364.290-0 | D216: P-8549-2359-004-V01 | E216: 45848 | F216: 0.33333333 | G216: Ibarbe Ibarbe Sebastián Andrés | H216: 17.246.002-k | I216: MERCEDES BENZ | J216: TAXIBUS | K216: SPRINTER 315 – 415 – 515 – 517 - 516 4X2 | L216: SPRINTER 516 4x4 | M216: LO915 - LO916 | N216: SPRINTER 315 – 415 – 515 – 517 - 516 4X2 - SPRINTER 516 4x4 - LO915 - LO916 | O216: 1 | P216: generado | Q216: =IF(Tabla1[[#This Row],[evaluacion_]]="","",IF(Tabla1[[#This Row],[evaluacion_]]=1,"Habilitado","No Habilitado")) -> No Habilitado | R216: =IF(Tabla1[[#This Row],[fecha]]="","",TEXT(Tabla1[[#This Row],[fecha]],"DMMAAAA")&TEXT(Tabla1[[#This Row],[hora]],"HHmm")) | S216: =_xlfn.CONCAT(Tabla1[[#This Row],[codigo_]],Tabla1[[#This Row],[correlativo_]]) -> 935 | T216: =DAY(E216) & " de " & TEXT(E216, "mmmm") & " del " & YEAR(E216) -> 10 de julio del 2025 | U216: =_xlfn.XLOOKUP(Tabla1[[#This Row],[instructor_2]],diccionario_!$A$1:$A$11,diccionario_!$D$1:$D$11,,0) -> 0 | V216: =TEXT(O216,"0%") -> 100% | W216: 16 de julio del 2025 a las 17:00
A217: 332 | B217: Marcelo Camilo Barrera Acevedo | C217: 13.364.290-0 | D217: P-8549-2359-004-V01 | E217: 45848 | F217: 0.33333333 | G217: Ibarbe Ibarbe Sebastián Andrés | H217: 17.246.002-k | I217: SCANIA | J217: BUS | K217: K 360 IB4x2 - K 410CB 4X2NB - F310 HB4X2 | N217: K 360 IB4x2 - K 410CB 4X2NB - F310 HB4X2 | O217: 1 | P217: generado | Q217: =IF(Tabla1[[#This Row],[evaluacion_]]="","",IF(Tabla1[[#This Row],[evaluacion_]]=1,"Habilitado","No Habilitado")) -> No Habilitado | R217: =IF(Tabla1[[#This Row],[fecha]]="","",TEXT(Tabla1[[#This Row],[fecha]],"DMMAAAA")&TEXT(Tabla1[[#This Row],[hora]],"HHmm")) | S217: =_xlfn.CONCAT(Tabla1[[#This Row],[codigo_]],Tabla1[[#This Row],[correlativo_]]) -> 936 | T217: =DAY(E217) & " de " & TEXT(E217, "mmmm") & " del " & YEAR(E217) -> 10 de julio del 2025 | U217: =_xlfn.XLOOKUP(Tabla1[[#This Row],[instructor_2]],diccionario_!$A$1:$A$11,diccionario_!$D$1:$D$11,,0) -> 0 | V217: =TEXT(O217,"0%") -> 100% | W217: 16 de julio del 2025 a las 17:00
A218: 333 | B218: Marcelo Camilo Barrera Acevedo | C218: 13.364.290-0 | D218: P-8549-2359-004-V01 | E218: 45852 | F218: 0.33333333 | G218: Calla Moreira Wilfredo | H218: 22.579.075-2 | I218: MERCEDES BENZ | J218: TAXIBUS | K218: SPRINTER 315 – 415 – 515 – 517 - 516 4X2 | N218: SPRINTER 315 – 415 – 515 – 517 - 516 4X2 | O218: 1 | P218: generado | Q218: =IF(Tabla1[[#This Row],[evaluacion_]]="","",IF(Tabla1[[#This Row],[evaluacion_]]=1,"Habilitado","No Habilitado")) -> No Habilitado | R218: =IF(Tabla1[[#This Row],[fecha]]="","",TEXT(Tabla1[[#This Row],[fecha]],"DMMAAAA")&TEXT(Tabla1[[#This Row],[hora]],"HHmm")) | S218: =_xlfn.CONCAT(Tabla1[[#This Row],[codigo_]],Tabla1[[#This Row],[correlativo_]]) -> 937 | T218: =DAY(E218) & " de " & TEXT(E218, "mmmm") & " del " & YEAR(E218) -> 14 de julio del 2025 | U218: =_xlfn.XLOOKUP(Tabla1[[#This Row],[instructor_2]],diccionario_!$A$1:$A$11,diccionario_!$D$1:$D$11,,0) -> 0 | V218: =TEXT(O218,"0%") -> 100% | W218: 16 de julio del 2025 a las 17:02
A219: 334 | B219: Marcelo Camilo Barrera Acevedo | C219: 13.364.290-0 | D219: P-8549-2359-004-V01 | E219: 45852 | F219: 0.33333333 | G219: Ramos Tapia Manuel Guillermo | H219: 22.635.386-0 | I219: MERCEDES BENZ | J219: TAXIBUS | K219: SPRINTER 315 – 415 – 515 – 517 - 516 4X2 | N219: SPRINTER 315 – 415 – 515 – 517 - 516 4X2 | O219: 1 | P219: generado | Q219: =IF(Tabla1[[#This Row],[evaluacion_]]="","",IF(Tabla1[[#This Row],[evaluacion_]]=1,"Habilitado","No Habilitado")) -> No Habilitado | R219: =IF(Tabla1[[#This Row],[fecha]]="","",TEXT(Tabla1[[#This Row],[fecha]],"DMMAAAA")&TEXT(Tabla1[[#This Row],[hora]],"HHmm")) | S219: =_xlfn.CONCAT(Tabla1[[#This Row],[codigo_]],Tabla1[[#This Row],[correlativo_]]) -> 938 | T219: =DAY(E219) & " de " & TEXT(E219, "mmmm") & " del " & YEAR(E219) -> 14 de julio del 2025 | U219: =_xlfn.XLOOKUP(Tabla1[[#This Row],[instructor_2]],diccionario_!$A$1:$A$11,diccionario_!$D$1:$D$11,,0) -> 0 | V219: =TEXT(O219,"0%") -> 100% | W219: 16 de julio del 2025 a las 17:02
A220: 335 | B220: Marcelo Camilo Barrera Acevedo | C220: 13.364.290-0 | D220: P-8549-2359-004-V01 | E220: 45848 | F220: 0.33333333 | G220: Ibarbe Ibarbe Sebastián Andrés | H220: 17.246.002-k | I220: MERCEDES BENZ | J220: TAXIBUS | K220: SPRINTER 315 – 415 – 515 – 517 - 516 4X2 | L220: SPRINTER 516 4x4 | M220: LO915 - LO916 | N220: SPRINTER 315 – 415 – 515 – 517 - 516 4X2 - SPRINTER 516 4x4 - LO915 - LO916 | O220: 1 | P220: generado | Q220: =IF(Tabla1[[#This Row],[evaluacion_]]="","",IF(Tabla1[[#This Row],[evaluacion_]]=1,"Habilitado","No Habilitado")) -> No Habilitado | R220: =IF(Tabla1[[#This Row],[fecha]]="","",TEXT(Tabla1[[#This Row],[fecha]],"DMMAAAA")&TEXT(Tabla1[[#This Row],[hora]],"HHmm")) | S220: =_xlfn.CONCAT(Tabla1[[#This Row],[codigo_]],Tabla1[[#This Row],[correlativo_]]) -> 939 | T220: =DAY(E220) & " de " & TEXT(E220, "mmmm") & " del " & YEAR(E220) -> 10 de julio del 2025 | U220: =_xlfn.XLOOKUP(Tabla1[[#This Row],[instructor_2]],diccionario_!$A$1:$A$11,diccionario_!$D$1:$D$11,,0) -> 0 | V220: =TEXT(O220,"0%") -> 100% | W220: 16 de julio del 2025 a las 17:02
A221: 336 | B221: Marcelo Camilo Barrera Acevedo | C221: 13.364.290-0 | D221: P-8549-2359-004-V01 | E221: 45848 | F221: 0.33333333 | G221: Ibarbe Ibarbe Sebastián Andrés | H221: 17.246.002-k | I221: SCANIA | J221: BUS | K221: K 360 IB4x2 - K 410CB 4X2NB - F310 HB4X2 | N221: K 360 IB4x2 - K 410CB 4X2NB - F310 HB4X2 | O221: 1 | P221: generado | Q221: =IF(Tabla1[[#This Row],[evaluacion_]]="","",IF(Tabla1[[#This Row],[evaluacion_]]=1,"Habilitado","No Habilitado")) -> No Habilitado | R221: =IF(Tabla1[[#This Row],[fecha]]="","",TEXT(Tabla1[[#This Row],[fecha]],"DMMAAAA")&TEXT(Tabla1[[#This Row],[hora]],"HHmm")) | S221: =_xlfn.CONCAT(Tabla1[[#This Row],[codigo_]],Tabla1[[#This Row],[correlativo_]]) -> 940 | T221: =DAY(E221) & " de " & TEXT(E221, "mmmm") & " del " & YEAR(E221) -> 10 de julio del 2025 | U221: =_xlfn.XLOOKUP(Tabla1[[#This Row],[instructor_2]],diccionario_!$A$1:$A$11,diccionario_!$D$1:$D$11,,0) -> 0 | V221: =TEXT(O221,"0%") -> 100% | W221: 16 de julio del 2025 a las 17:02
A222: 337 | B222: Milla Miranda Guillermo Andres | C222: 15.325.100-2 | D222: P-8549-2359-004-V01 | E222: 45855 | F222: 0.41666667 | G222: Avalos Ossandon Jorge Andres | H222: 11.721.561-k | I222: MERCEDES BENZ | J222: TAXIBUS | K222: LO915 - LO916 | N222: LO915 - LO916 | O222: 1 | P222: generado | Q222: =IF(Tabla1[[#This Row],[evaluacion_]]="","",IF(Tabla1[[#This Row],[evaluacion_]]=1,"Habilitado","No Habilitado")) -> No Habilitado | R222: =IF(Tabla1[[#This Row],[fecha]]="","",TEXT(Tabla1[[#This Row],[fecha]],"DMMAAAA")&TEXT(Tabla1[[#This Row],[hora]],"HHmm")) | S222: =_xlfn.CONCAT(Tabla1[[#This Row],[codigo_]],Tabla1[[#This Row],[correlativo_]]) -> 941 | T222: =DAY(E222) & " de " & TEXT(E222, "mmmm") & " del " & YEAR(E222) -> 17 de julio del 2025 | U222: =_xlfn.XLOOKUP(Tabla1[[#This Row],[instructor_2]],diccionario_!$A$1:$A$11,diccionario_!$D$1:$D$11,,0) -> Guillermo Milla M. | V222: =TEXT(O222,"0%") -> 100% | W222: 24 de julio del 2025 a las 15:34
A223: 338 | B223: Milla Miranda Guillermo Andres | C223: 15.325.100-2 | D223: P-8549-2359-004-V01 | E223: 45855 | F223: 0.41666667 | G223: Perez Lopez Daniel Moises | H223: 14.558.338-1 | I223: MERCEDES BENZ | J223: TAXIBUS | K223: LO915 - LO916 | N223: LO915 - LO916 | O223: 1 | P223: generado | Q223: =IF(Tabla1[[#This Row],[evaluacion_]]="","",IF(Tabla1[[#This Row],[evaluacion_]]=1,"Habilitado","No Habilitado")) -> No Habilitado | R223: =IF(Tabla1[[#This Row],[fecha]]="","",TEXT(Tabla1[[#This Row],[fecha]],"DMMAAAA")&TEXT(Tabla1[[#This Row],[hora]],"HHmm")) | S223: =_xlfn.CONCAT(Tabla1[[#This Row],[codigo_]],Tabla1[[#This Row],[correlativo_]]) -> 942 | T223: =DAY(E223) & " de " & TEXT(E223, "mmmm") & " del " & YEAR(E223) -> 17 de julio del 2025 | U223: =_xlfn.XLOOKUP(Tabla1[[#This Row],[instructor_2]],diccionario_!$A$1:$A$11,diccionario_!$D$1:$D$11,,0) -> Guillermo Milla M. | V223: =TEXT(O223,"0%") -> 100% | W223: 24 de julio del 2025 a las 15:34
A224: 339 | B224: Daniel Rodrigo Carvajal Bucarey | C224: 10.528.715-1 | D224: P-8549-2359-004-V01 | E224: 45848 | F224: 0.70833333 | G224: Chavez Chavez Domingo Del Transito | H224: 10.394.006-0 | I224: MERCEDES BENZ | J224: BUS 2 PISOS | K224: O500 RS-D | L224: O500 RS - OC500 RF | N224: O500 RS-D - O500 RS - OC500 RF | O224: 1 | P224: generado | Q224: =IF(Tabla1[[#This Row],[evaluacion_]]="","",IF(Tabla1[[#This Row],[evaluacion_]]=1,"Habilitado","No Habilitado")) -> No Habilitado | R224: =IF(Tabla1[[#This Row],[fecha]]="","",TEXT(Tabla1[[#This Row],[fecha]],"DMMAAAA")&TEXT(Tabla1[[#This Row],[hora]],"HHmm")) | S224: =_xlfn.CONCAT(Tabla1[[#This Row],[codigo_]],Tabla1[[#This Row],[correlativo_]]) -> 943 | T224: =DAY(E224) & " de " & TEXT(E224, "mmmm") & " del " & YEAR(E224) -> 10 de julio del 2025 | U224: =_xlfn.XLOOKUP(Tabla1[[#This Row],[instructor_2]],diccionario_!$A$1:$A$11,diccionario_!$D$1:$D$11,,0) -> Guillermo Milla M. | V224: =TEXT(O224,"0%") -> 100% | W224: 24 de julio del 2025 a las 16:14
A225: 340 | B225: Daniel Rodrigo Carvajal Bucarey | C225: 10.528.715-1 | D225: P-8549-2359-004-V01 | E225: 45848 | F225: 0.71041667 | G225: Zamora Galdames Sergio Luis | H225: 13.261.535-7 | I225: MERCEDES BENZ | J225: BUS 2 PISOS | K225: O500 RS-D | L225: O500 RS - OC500 RF | N225: O500 RS-D - O500 RS - OC500 RF | O225: 1 | P225: generado | Q225: =IF(Tabla1[[#This Row],[evaluacion_]]="","",IF(Tabla1[[#This Row],[evaluacion_]]=1,"Habilitado","No Habilitado")) -> No Habilitado | R225: =IF(Tabla1[[#This Row],[fecha]]="","",TEXT(Tabla1[[#This Row],[fecha]],"DMMAAAA")&TEXT(Tabla1[[#This Row],[hora]],"HHmm")) | S225: =_xlfn.CONCAT(Tabla1[[#This Row],[codigo_]],Tabla1[[#This Row],[correlativo_]]) -> 944 | T225: =DAY(E225) & " de " & TEXT(E225, "mmmm") & " del " & YEAR(E225) -> 10 de julio del 2025 | U225: =_xlfn.XLOOKUP(Tabla1[[#This Row],[instructor_2]],diccionario_!$A$1:$A$11,diccionario_!$D$1:$D$11,,0) -> Guillermo Milla M. | V225: =TEXT(O225,"0%") -> 100% | W225: 24 de julio del 2025 a las 16:14
A226: 341 | B226: Marcelo Camilo Barrera Acevedo | C226: 13.364.290-0 | D226: P-8549-2359-004-V01 | E226: 45854 | F226: 0.41666667 | G226: Araya Figueroa Alonso Del Valle | H226: 7.148.100-k | I226: MERCEDES BENZ | J226: TAXIBUS | K226: LO915 - LO916 | N226: LO915 - LO916 | O226: 1 | P226: generado | Q226: =IF(Tabla1[[#This Row],[evaluacion_]]="","",IF(Tabla1[[#This Row],[evaluacion_]]=1,"Habilitado","No Habilitado")) -> No Habilitado | R226: =IF(Tabla1[[#This Row],[fecha]]="","",TEXT(Tabla1[[#This Row],[fecha]],"DMMAAAA")&TEXT(Tabla1[[#This Row],[hora]],"HHmm")) | S226: =_xlfn.CONCAT(Tabla1[[#This Row],[codigo_]],Tabla1[[#This Row],[correlativo_]]) -> 945 | T226: =DAY(E226) & " de " & TEXT(E226, "mmmm") & " del " & YEAR(E226) -> 16 de julio del 2025 | U226: =_xlfn.XLOOKUP(Tabla1[[#This Row],[instructor_2]],diccionario_!$A$1:$A$11,diccionario_!$D$1:$D$11,,0) -> Guillermo Milla M. | V226: =TEXT(O226,"0%") -> 100% | W226: 24 de julio del 2025 a las 16:44
A227: 342 | B227: Marcelo Camilo Barrera Acevedo | C227: 13.364.290-0 | D227: P-8549-2359-004-V01 | E227: 45854 | F227: 0.41666667 | G227: Villalobos Hidalgo William Alejandro | H227: 11.383.199-5 | I227: MERCEDES BENZ | J227: TAXIBUS | K227: LO915 - LO916 | L227: SPRINTER 315 – 415 – 515 – 517 4X2 | N227: LO915 - LO916 - SPRINTER 315 – 415 – 515 – 517 4X2 | O227: 1 | P227: generado | Q227: =IF(Tabla1[[#This Row],[evaluacion_]]="","",IF(Tabla1[[#This Row],[evaluacion_]]=1,"Habilitado","No Habilitado")) -> No Habilitado | R227: =IF(Tabla1[[#This Row],[fecha]]="","",TEXT(Tabla1[[#This Row],[fecha]],"DMMAAAA")&TEXT(Tabla1[[#This Row],[hora]],"HHmm")) | S227: =_xlfn.CONCAT(Tabla1[[#This Row],[codigo_]],Tabla1[[#This Row],[correlativo_]]) -> 946 | T227: =DAY(E227) & " de " & TEXT(E227, "mmmm") & " del " & YEAR(E227) -> 16 de julio del 2025 | U227: =_xlfn.XLOOKUP(Tabla1[[#This Row],[instructor_2]],diccionario_!$A$1:$A$11,diccionario_!$D$1:$D$11,,0) -> Guillermo Milla M. | V227: =TEXT(O227,"0%") -> 100% | W227: 24 de julio del 2025 a las 16:44
A228: 343 | B228: Marcelo Camilo Barrera Acevedo | C228: 13.364.290-0 | D228: P-8549-2359-004-V01 | E228: 45854 | F228: 0.41666667 | G228: Villalobos Hidalgo William Alejandro | H228: 11.383.199-5 | I228: ZHONG TONG | J228: BUS 1 PISO | K228: ZT LCK6129EV | N228: ZT LCK6129EV | O228: 1 | P228: generado | Q228: =IF(Tabla1[[#This Row],[evaluacion_]]="","",IF(Tabla1[[#This Row],[evaluacion_]]=1,"Habilitado","No Habilitado")) -> No Habilitado | R228: =IF(Tabla1[[#This Row],[fecha]]="","",TEXT(Tabla1[[#This Row],[fecha]],"DMMAAAA")&TEXT(Tabla1[[#This Row],[hora]],"HHmm")) | S228: =_xlfn.CONCAT(Tabla1[[#This Row],[codigo_]],Tabla1[[#This Row],[correlativo_]]) -> 947 | T228: =DAY(E228) & " de " & TEXT(E228, "mmmm") & " del " & YEAR(E228) -> 16 de julio del 2025 | U228: =_xlfn.XLOOKUP(Tabla1[[#This Row],[instructor_2]],diccionario_!$A$1:$A$11,diccionario_!$D$1:$D$11,,0) -> Guillermo Milla M. | V228: =TEXT(O228,"0%") -> 100% | W228: 24 de julio del 2025 a las 16:44
A229: 344 | B229: Marcelo Camilo Barrera Acevedo | C229: 13.364.290-0 | D229: P-8549-2359-004-V01 | E229: 45854 | F229: 0.41666667 | G229: Rojas Flores Marcos Alex | H229: 9.937.379-2 | I229: MERCEDES BENZ | J229: TAXIBUS | K229: LO915 - LO916 | L229: SPRINTER 315 – 415 – 515 – 517 4X2 | N229: LO915 - LO916 - SPRINTER 315 – 415 – 515 – 517 4X2 | O229: 1 | P229: generado | Q229: =IF(Tabla1[[#This Row],[evaluacion_]]="","",IF(Tabla1[[#This Row],[evaluacion_]]=1,"Habilitado","No Habilitado")) -> No Habilitado | R229: =IF(Tabla1[[#This Row],[fecha]]="","",TEXT(Tabla1[[#This Row],[fecha]],"DMMAAAA")&TEXT(Tabla1[[#This Row],[hora]],"HHmm")) | S229: =_xlfn.CONCAT(Tabla1[[#This Row],[codigo_]],Tabla1[[#This Row],[correlativo_]]) -> 948 | T229: =DAY(E229) & " de " & TEXT(E229, "mmmm") & " del " & YEAR(E229) -> 16 de julio del 2025 | U229: =_xlfn.XLOOKUP(Tabla1[[#This Row],[instructor_2]],diccionario_!$A$1:$A$11,diccionario_!$D$1:$D$11,,0) -> Guillermo Milla M. | V229: =TEXT(O229,"0%") -> 100% | W229: 24 de julio del 2025 a las 16:44
A230: 345 | B230: Marcelo Camilo Barrera Acevedo | C230: 13.364.290-0 | D230: P-8549-2359-004-V01 | E230: 45854 | F230: 0.41666667 | G230: Castillo Arancibia Claudio Hernan | H230: 15.769.480-4 | I230: ZHONG TONG | J230: BUS 1 PISO | K230: ZT LCK6129EV | N230: ZT LCK6129EV | O230: 1 | P230: generado | Q230: =IF(Tabla1[[#This Row],[evaluacion_]]="","",IF(Tabla1[[#This Row],[evaluacion_]]=1,"Habilitado","No Habilitado")) -> No Habilitado | R230: =IF(Tabla1[[#This Row],[fecha]]="","",TEXT(Tabla1[[#This Row],[fecha]],"DMMAAAA")&TEXT(Tabla1[[#This Row],[hora]],"HHmm")) | S230: =_xlfn.CONCAT(Tabla1[[#This Row],[codigo_]],Tabla1[[#This Row],[correlativo_]]) -> 949 | T230: =DAY(E230) & " de " & TEXT(E230, "mmmm") & " del " & YEAR(E230) -> 16 de julio del 2025 | U230: =_xlfn.XLOOKUP(Tabla1[[#This Row],[instructor_2]],diccionario_!$A$1:$A$11,diccionario_!$D$1:$D$11,,0) -> Guillermo Milla M. | V230: =TEXT(O230,"0%") -> 100% | W230: 24 de julio del 2025 a las 16:44
A231: 346 | B231: Marcelo Camilo Barrera Acevedo | C231: 13.364.290-0 | D231: P-8549-2359-004-V01 | E231: 45853 | F231: 0.39583333 | G231: Peña Ossandon Victor Hugo | H231: 12.219.295-4 | I231: MERCEDES BENZ | J231: MINIBUS | K231: SPRINTER 315 – 415 – 515 – 517 4X2 | N231: SPRINTER 315 – 415 – 515 – 517 4X2 | O231: 1 | P231: generado | Q231: =IF(Tabla1[[#This Row],[evaluacion_]]="","",IF(Tabla1[[#This Row],[evaluacion_]]=1,"Habilitado","No Habilitado")) -> No Habilitado | R231: =IF(Tabla1[[#This Row],[fecha]]="","",TEXT(Tabla1[[#This Row],[fecha]],"DMMAAAA")&TEXT(Tabla1[[#This Row],[hora]],"HHmm")) | S231: =_xlfn.CONCAT(Tabla1[[#This Row],[codigo_]],Tabla1[[#This Row],[correlativo_]]) -> 950 | T231: =DAY(E231) & " de " & TEXT(E231, "mmmm") & " del " & YEAR(E231) -> 15 de julio del 2025 | U231: =_xlfn.XLOOKUP(Tabla1[[#This Row],[instructor_2]],diccionario_!$A$1:$A$11,diccionario_!$D$1:$D$11,,0) -> Guillermo Milla M. | V231: =TEXT(O231,"0%") -> 100% | W231: 24 de julio del 2025 a las 16:49
A232: 347 | B232: Marcelo Camilo Barrera Acevedo | C232: 13.364.290-0 | D232: P-8549-2359-004-V01 | E232: 45853 | F232: 0.39583333 | G232: Wilson Tapia Dalila De Las Mercedes | H232: 10.676.789-0 | I232: MERCEDES BENZ | J232: MINIBUS | K232: SPRINTER 315 – 415 – 515 – 517 4X2 | N232: SPRINTER 315 – 415 – 515 – 517 4X2 | O232: 1 | P232: generado | Q232: =IF(Tabla1[[#This Row],[evaluacion_]]="","",IF(Tabla1[[#This Row],[evaluacion_]]=1,"Habilitado","No Habilitado")) -> No Habilitado | R232: =IF(Tabla1[[#This Row],[fecha]]="","",TEXT(Tabla1[[#This Row],[fecha]],"DMMAAAA")&TEXT(Tabla1[[#This Row],[hora]],"HHmm")) | S232: =_xlfn.CONCAT(Tabla1[[#This Row],[codigo_]],Tabla1[[#This Row],[correlativo_]]) -> 951 | T232: =DAY(E232) & " de " & TEXT(E232, "mmmm") & " del " & YEAR(E232) -> 15 de julio del 2025 | U232: =_xlfn.XLOOKUP(Tabla1[[#This Row],[instructor_2]],diccionario_!$A$1:$A$11,diccionario_!$D$1:$D$11,,0) -> Guillermo Milla M. | V232: =TEXT(O232,"0%") -> 100% | W232: 24 de julio del 2025 a las 16:49
A233: 348 | B233: Marcelo Camilo Barrera Acevedo | C233: 13.364.290-0 | D233: P-8549-2359-004-V01 | E233: 45853 | F233: 0.39583333 | G233: Pacheco Paredes Luis Alberto | H233: 23.565.833-k | I233: MERCEDES BENZ | J233: MINIBUS | K233: SPRINTER 315 – 415 – 515 – 517 4X2 | N233: SPRINTER 315 – 415 – 515 – 517 4X2 | O233: 1 | P233: generado | Q233: =IF(Tabla1[[#This Row],[evaluacion_]]="","",IF(Tabla1[[#This Row],[evaluacion_]]=1,"Habilitado","No Habilitado")) -> No Habilitado | R233: =IF(Tabla1[[#This Row],[fecha]]="","",TEXT(Tabla1[[#This Row],[fecha]],"DMMAAAA")&TEXT(Tabla1[[#This Row],[hora]],"HHmm")) | S233: =_xlfn.CONCAT(Tabla1[[#This Row],[codigo_]],Tabla1[[#This Row],[correlativo_]]) -> 952 | T233: =DAY(E233) & " de " & TEXT(E233, "mmmm") & " del " & YEAR(E233) -> 15 de julio del 2025 | U233: =_xlfn.XLOOKUP(Tabla1[[#This Row],[instructor_2]],diccionario_!$A$1:$A$11,diccionario_!$D$1:$D$11,,0) -> Guillermo Milla M. | V233: =TEXT(O233,"0%") -> 100% | W233: 24 de julio del 2025 a las 16:49
A234: 349 | B234: Marcelo Camilo Barrera Acevedo | C234: 13.364.290-0 | D234: P-8549-2359-004-V01 | E234: 45853 | F234: 0.39583333 | G234: Caro Monsalve Victor Alexis | H234: 12.117.372-7 | I234: MERCEDES BENZ | J234: MINIBUS | K234: SPRINTER 315 – 415 – 515 – 517 4X2 | N234: SPRINTER 315 – 415 – 515 – 517 4X2 | O234: 1 | P234: generado | Q234: =IF(Tabla1[[#This Row],[evaluacion_]]="","",IF(Tabla1[[#This Row],[evaluacion_]]=1,"Habilitado","No Habilitado")) -> No Habilitado | R234: =IF(Tabla1[[#This Row],[fecha]]="","",TEXT(Tabla1[[#This Row],[fecha]],"DMMAAAA")&TEXT(Tabla1[[#This Row],[hora]],"HHmm")) | S234: =_xlfn.CONCAT(Tabla1[[#This Row],[codigo_]],Tabla1[[#This Row],[correlativo_]]) -> 953 | T234: =DAY(E234) & " de " & TEXT(E234, "mmmm") & " del " & YEAR(E234) -> 15 de julio del 2025 | U234: =_xlfn.XLOOKUP(Tabla1[[#This Row],[instructor_2]],diccionario_!$A$1:$A$11,diccionario_!$D$1:$D$11,,0) -> Guillermo Milla M. | V234: =TEXT(O234,"0%") -> 100% | W234: 24 de julio del 2025 a las 16:49
A235: 350 | B235: Milla Miranda Guillermo Andres | C235: 15.325.100-2 | D235: P-8549-2359-004-V01 | E235: 45866 | F235: 0.625 | G235: Burgos Rubilar Mauricio Enrique | H235: 14.426.110-0 | I235: MERCEDES BENZ | J235: BUS 1 PISO | K235: O500 RS - OC500 RF | L235: SPRINTER 315 – 415 – 515 – 517 4X2 | N235: O500 RS - OC500 RF - SPRINTER 315 – 415 – 515 – 517 4X2 | O235: 1 | P235: generado | Q235: =IF(Tabla1[[#This Row],[evaluacion_]]="","",IF(Tabla1[[#This Row],[evaluacion_]]=1,"Habilitado","No Habilitado")) -> No Habilitado | R235: =IF(Tabla1[[#This Row],[fecha]]="","",TEXT(Tabla1[[#This Row],[fecha]],"DMMAAAA")&TEXT(Tabla1[[#This Row],[hora]],"HHmm")) | S235: =_xlfn.CONCAT(Tabla1[[#This Row],[codigo_]],Tabla1[[#This Row],[correlativo_]]) -> 954 | T235: =DAY(E235) & " de " & TEXT(E235, "mmmm") & " del " & YEAR(E235) -> 28 de julio del 2025 | U235: =_xlfn.XLOOKUP(Tabla1[[#This Row],[instructor_2]],diccionario_!$A$1:$A$11,diccionario_!$D$1:$D$11,,0) -> Guillermo Milla M. | V235: =TEXT(O235,"0%") -> 100% | W235: 28 de julio del 2025 a las 15:15
A236: 351 | B236: Milla Miranda Guillermo Andres | C236: 15.325.100-2 | D236: P-8549-2359-004-V01 | E236: 45866 | F236: 0.625 | G236: Burgos Rubilar Mauricio Enrique | H236: 14.426.110-0 | I236: SCANIA | J236: BUS 1 PISO | K236: K 360 IB | N236: K 360 IB | O236: 1 | P236: generado | Q236: =IF(Tabla1[[#This Row],[evaluacion_]]="","",IF(Tabla1[[#This Row],[evaluacion_]]=1,"Habilitado","No Habilitado")) -> Habilitado | R236: =IF(Tabla1[[#This Row],[fecha]]="","",TEXT(Tabla1[[#This Row],[fecha]],"DMMAAAA")&TEXT(Tabla1[[#This Row],[hora]],"HHmm")) -> 300320261000 | S236: =_xlfn.CONCAT(Tabla1[[#This Row],[codigo_]],Tabla1[[#This Row],[correlativo_]]) -> 300320261000955 | T236: =DAY(E236) & " de " & TEXT(E236, "mmmm") & " del " & YEAR(E236) -> 28 de julio del 2025 | U236: =_xlfn.XLOOKUP(Tabla1[[#This Row],[instructor_2]],diccionario_!$A$1:$A$11,diccionario_!$D$1:$D$11,,0) -> Guillermo Milla M. | V236: =TEXT(O236,"0%") -> 100% | W236: 28 de julio del 2025 a las 15:22
A237: 352 | B237: Daniel Rodrigo Carvajal Bucarey | C237: 10.528.715-1 | D237: P-8549-2359-004-V01 | E237: 45863 | F237: 0.68402778 | G237: Chavez Chavez Domingo Del Transito | H237: 10.394.006-0 | I237: VOLVO | J237: BUS 2 PISOS | K237: B 420R - B 430R | L237: B 450R | N237: B 420R - B 430R - B 450R | O237: 1 | P237: generado | Q237: =IF(Tabla1[[#This Row],[evaluacion_]]="","",IF(Tabla1[[#This Row],[evaluacion_]]=1,"Habilitado","No Habilitado")) -> Habilitado | R237: =IF(Tabla1[[#This Row],[fecha]]="","",TEXT(Tabla1[[#This Row],[fecha]],"DMMAAAA")&TEXT(Tabla1[[#This Row],[hora]],"HHmm")) -> 300320261000 | S237: =_xlfn.CONCAT(Tabla1[[#This Row],[codigo_]],Tabla1[[#This Row],[correlativo_]]) -> 300320261000956 | T237: =DAY(E237) & " de " & TEXT(E237, "mmmm") & " del " & YEAR(E237) -> 25 de julio del 2025 | U237: =_xlfn.XLOOKUP(Tabla1[[#This Row],[instructor_2]],diccionario_!$A$1:$A$11,diccionario_!$D$1:$D$11,,0) -> Guillermo Milla M. | V237: =TEXT(O237,"0%") -> 100% | W237: 28 de julio del 2025 a las 16:27
A238: 353 | B238: Daniel Rodrigo Carvajal Bucarey | C238: 10.528.715-1 | D238: P-8549-2359-004-V01 | E238: 45848 | F238: 0.6875 | G238: Chavez Chavez Domingo Del Transito | H238: 10.394.006-0 | I238: SCANIA | J238: BUS 2 PISOS | K238: K 360 IB | L238: K 440 IB | M238: K 400 IB | N238: K 360 IB - K 440 IB - K 400 IB | O238: 1 | P238: generado | Q238: =IF(Tabla1[[#This Row],[evaluacion_]]="","",IF(Tabla1[[#This Row],[evaluacion_]]=1,"Habilitado","No Habilitado")) -> Habilitado | R238: =IF(Tabla1[[#This Row],[fecha]]="","",TEXT(Tabla1[[#This Row],[fecha]],"DMMAAAA")&TEXT(Tabla1[[#This Row],[hora]],"HHmm")) -> 140420261200 | S238: =_xlfn.CONCAT(Tabla1[[#This Row],[codigo_]],Tabla1[[#This Row],[correlativo_]]) -> 140420261200957 | T238: =DAY(E238) & " de " & TEXT(E238, "mmmm") & " del " & YEAR(E238) -> 10 de julio del 2025 | U238: =_xlfn.XLOOKUP(Tabla1[[#This Row],[instructor_2]],diccionario_!$A$1:$A$11,diccionario_!$D$1:$D$11,,0) -> Marcelo Barrera A. | V238: =TEXT(O238,"0%") -> 100% | W238: 28 de julio del 2025 a las 16:30
A239: 354 | B239: Daniel Rodrigo Carvajal Bucarey | C239: 10.528.715-1 | D239: P-8549-2359-004-V01 | E239: 45848 | F239: 0.69097222 | G239: Zamora Galdames Sergio Luis | H239: 13.261.535-7 | I239: MERCEDES BENZ | J239: BUS 2 PISOS | K239: O500 RS - OC500 RF | L239: O500 RS-D | N239: O500 RS - OC500 RF - O500 RS-D | O239: 1 | P239: generado | Q239: =IF(Tabla1[[#This Row],[evaluacion_]]="","",IF(Tabla1[[#This Row],[evaluacion_]]=1,"Habilitado","No Habilitado")) -> Habilitado | R239: =IF(Tabla1[[#This Row],[fecha]]="","",TEXT(Tabla1[[#This Row],[fecha]],"DMMAAAA")&TEXT(Tabla1[[#This Row],[hora]],"HHmm")) -> 30420260900 | S239: =_xlfn.CONCAT(Tabla1[[#This Row],[codigo_]],Tabla1[[#This Row],[correlativo_]]) -> 30420260900958 | T239: =DAY(E239) & " de " & TEXT(E239, "mmmm") & " del " & YEAR(E239) -> 10 de julio del 2025 | U239: =_xlfn.XLOOKUP(Tabla1[[#This Row],[instructor_2]],diccionario_!$A$1:$A$11,diccionario_!$D$1:$D$11,,0) -> Guillermo Milla M. | V239: =TEXT(O239,"0%") -> 100% | W239: 28 de julio del 2025 a las 16:37
A240: 355 | B240: Daniel Rodrigo Carvajal Bucarey | C240: 10.528.715-1 | D240: P-8549-2359-004-V01 | E240: 45848 | F240: 0.69166667 | G240: Zamora Galdames Sergio Luis | H240: 13.261.535-7 | I240: VOLVO | J240: BUS 2 PISOS | K240: B 420R - B 430R | L240: B 450R | N240: B 420R - B 430R - B 450R | O240: 1 | P240: generado | Q240: =IF(Tabla1[[#This Row],[evaluacion_]]="","",IF(Tabla1[[#This Row],[evaluacion_]]=1,"Habilitado","No Habilitado")) -> Habilitado | R240: =IF(Tabla1[[#This Row],[fecha]]="","",TEXT(Tabla1[[#This Row],[fecha]],"DMMAAAA")&TEXT(Tabla1[[#This Row],[hora]],"HHmm")) -> 30420260900 | S240: =_xlfn.CONCAT(Tabla1[[#This Row],[codigo_]],Tabla1[[#This Row],[correlativo_]]) -> 30420260900959 | T240: =DAY(E240) & " de " & TEXT(E240, "mmmm") & " del " & YEAR(E240) -> 10 de julio del 2025 | U240: =_xlfn.XLOOKUP(Tabla1[[#This Row],[instructor_2]],diccionario_!$A$1:$A$11,diccionario_!$D$1:$D$11,,0) -> Guillermo Milla M. | V240: =TEXT(O240,"0%") -> 100% | W240: 28 de julio del 2025 a las 16:37
A241: 356 | B241: Daniel Rodrigo Carvajal Bucarey | C241: 10.528.715-1 | D241: P-8549-2359-004-V01 | E241: 45848 | F241: 0.69236111 | G241: Zamora Galdames Sergio Luis | H241: 13.261.535-7 | I241: SCANIA | J241: BUS 2 PISOS | K241: K 360 IB | L241: K 440 IB | M241: K 400 IB | N241: K 360 IB - K 440 IB - K 400 IB | O241: 1 | P241: generado | Q241: =IF(Tabla1[[#This Row],[evaluacion_]]="","",IF(Tabla1[[#This Row],[evaluacion_]]=1,"Habilitado","No Habilitado")) -> Habilitado | R241: =IF(Tabla1[[#This Row],[fecha]]="","",TEXT(Tabla1[[#This Row],[fecha]],"DMMAAAA")&TEXT(Tabla1[[#This Row],[hora]],"HHmm")) -> 100420260900 | S241: =_xlfn.CONCAT(Tabla1[[#This Row],[codigo_]],Tabla1[[#This Row],[correlativo_]]) -> 100420260900960 | T241: =DAY(E241) & " de " & TEXT(E241, "mmmm") & " del " & YEAR(E241) -> 10 de julio del 2025 | U241: =_xlfn.XLOOKUP(Tabla1[[#This Row],[instructor_2]],diccionario_!$A$1:$A$11,diccionario_!$D$1:$D$11,,0) -> Guillermo Milla M. | V241: =TEXT(O241,"0%") -> 100% | W241: 28 de julio del 2025 a las 16:37
A242: 357 | B242: Daniel Rodrigo Carvajal Bucarey | C242: 10.528.715-1 | D242: P-8549-2359-004-V01 | E242: 45848 | F242: 0.70833333 | G242: Astudillo Correa Victor Rodrigo | H242: 12.447.766-2 | I242: MERCEDES BENZ | J242: BUS 2 PISOS | K242: O500 RS - OC500 RF | L242: O500 RS-D | N242: O500 RS - OC500 RF - O500 RS-D | O242: 1 | P242: generado | Q242: =IF(Tabla1[[#This Row],[evaluacion_]]="","",IF(Tabla1[[#This Row],[evaluacion_]]=1,"Habilitado","No Habilitado")) -> Habilitado | R242: =IF(Tabla1[[#This Row],[fecha]]="","",TEXT(Tabla1[[#This Row],[fecha]],"DMMAAAA")&TEXT(Tabla1[[#This Row],[hora]],"HHmm")) -> 140420261700 | S242: =_xlfn.CONCAT(Tabla1[[#This Row],[codigo_]],Tabla1[[#This Row],[correlativo_]]) -> 140420261700961 | T242: =DAY(E242) & " de " & TEXT(E242, "mmmm") & " del " & YEAR(E242) -> 10 de julio del 2025 | U242: =_xlfn.XLOOKUP(Tabla1[[#This Row],[instructor_2]],diccionario_!$A$1:$A$11,diccionario_!$D$1:$D$11,,0) -> Daniel Carvajal B. | V242: =TEXT(O242,"0%") -> 100% | W242: 28 de julio del 2025 a las 17:01
A243: 358 | B243: Daniel Rodrigo Carvajal Bucarey | C243: 10.528.715-1 | D243: P-8549-2359-004-V01 | E243: 45848 | F243: 0.70902778 | G243: Astudillo Correa Victor Rodrigo | H243: 12.447.766-2 | I243: VOLVO | J243: BUS 2 PISOS | K243: B 420R - B 430R | L243: B 450R | N243: B 420R - B 430R - B 450R | O243: 1 | P243: generado | Q243: =IF(Tabla1[[#This Row],[evaluacion_]]="","",IF(Tabla1[[#This Row],[evaluacion_]]=1,"Habilitado","No Habilitado")) -> Habilitado | R243: =IF(Tabla1[[#This Row],[fecha]]="","",TEXT(Tabla1[[#This Row],[fecha]],"DMMAAAA")&TEXT(Tabla1[[#This Row],[hora]],"HHmm")) -> 140420261701 | S243: =_xlfn.CONCAT(Tabla1[[#This Row],[codigo_]],Tabla1[[#This Row],[correlativo_]]) -> 140420261701962 | T243: =DAY(E243) & " de " & TEXT(E243, "mmmm") & " del " & YEAR(E243) -> 10 de julio del 2025 | U243: =_xlfn.XLOOKUP(Tabla1[[#This Row],[instructor_2]],diccionario_!$A$1:$A$11,diccionario_!$D$1:$D$11,,0) -> Daniel Carvajal B. | V243: =TEXT(O243,"0%") -> 100% | W243: 28 de julio del 2025 a las 17:01
A244: 359 | B244: Daniel Rodrigo Carvajal Bucarey | C244: 10.528.715-1 | D244: P-8549-2359-004-V01 | E244: 45848 | F244: 0.70972222 | G244: Astudillo Correa Victor Rodrigo | H244: 12.447.766-2 | I244: SCANIA | J244: BUS 2 PISOS | K244: K 360 IB | L244: K 440 IB | M244: K 400 IB | N244: K 360 IB - K 440 IB - K 400 IB | O244: 1 | P244: generado | Q244: =IF(Tabla1[[#This Row],[evaluacion_]]="","",IF(Tabla1[[#This Row],[evaluacion_]]=1,"Habilitado","No Habilitado")) -> Habilitado | R244: =IF(Tabla1[[#This Row],[fecha]]="","",TEXT(Tabla1[[#This Row],[fecha]],"DMMAAAA")&TEXT(Tabla1[[#This Row],[hora]],"HHmm")) -> 140420261702 | S244: =_xlfn.CONCAT(Tabla1[[#This Row],[codigo_]],Tabla1[[#This Row],[correlativo_]]) -> 140420261702963 | T244: =DAY(E244) & " de " & TEXT(E244, "mmmm") & " del " & YEAR(E244) -> 10 de julio del 2025 | U244: =_xlfn.XLOOKUP(Tabla1[[#This Row],[instructor_2]],diccionario_!$A$1:$A$11,diccionario_!$D$1:$D$11,,0) -> Daniel Carvajal B. | V244: =TEXT(O244,"0%") -> 100% | W244: 28 de julio del 2025 a las 17:01
A245: 360 | B245: Daniel Rodrigo Carvajal Bucarey | C245: 10.528.715-1 | D245: P-8549-2359-004-V01 | E245: 45848 | F245: 0.71527778 | G245: Ulloa Ulloa Juan Alberto | H245: 10.083.209-7 | I245: MERCEDES BENZ | J245: BUS 2 PISOS | K245: O500 RS - OC500 RF | L245: O500 RS-D | N245: O500 RS - OC500 RF - O500 RS-D | O245: 1 | P245: generado | Q245: =IF(Tabla1[[#This Row],[evaluacion_]]="","",IF(Tabla1[[#This Row],[evaluacion_]]=1,"Habilitado","No Habilitado")) -> #VALUE! | R245: =IF(Tabla1[[#This Row],[fecha]]="","",TEXT(Tabla1[[#This Row],[fecha]],"DMMAAAA")&TEXT(Tabla1[[#This Row],[hora]],"HHmm")) -> #VALUE! | S245: =_xlfn.CONCAT(Tabla1[[#This Row],[codigo_]],Tabla1[[#This Row],[correlativo_]]) -> #VALUE! | T245: =DAY(E245) & " de " & TEXT(E245, "mmmm") & " del " & YEAR(E245) -> 10 de julio del 2025 | U245: =_xlfn.XLOOKUP(Tabla1[[#This Row],[instructor_2]],diccionario_!$A$1:$A$11,diccionario_!$D$1:$D$11,,0) -> #VALUE! | V245: =TEXT(O245,"0%") -> 100% | W245: 28 de julio del 2025 a las 17:09
A246: 361 | B246: Daniel Rodrigo Carvajal Bucarey | C246: 10.528.715-1 | D246: P-8549-2359-004-V01 | E246: 45848 | F246: 0.71597222 | G246: Ulloa Ulloa Juan Alberto | H246: 10.083.209-7 | I246: VOLVO | J246: BUS 2 PISOS | K246: B 420R - B 430R | L246: B 450R | N246: B 420R - B 430R - B 450R | O246: 1 | P246: generado | Q246: =IF(Tabla1[[#This Row],[evaluacion_]]="","",IF(Tabla1[[#This Row],[evaluacion_]]=1,"Habilitado","No Habilitado")) -> #VALUE! | R246: =IF(Tabla1[[#This Row],[fecha]]="","",TEXT(Tabla1[[#This Row],[fecha]],"DMMAAAA")&TEXT(Tabla1[[#This Row],[hora]],"HHmm")) -> #VALUE! | S246: =_xlfn.CONCAT(Tabla1[[#This Row],[codigo_]],Tabla1[[#This Row],[correlativo_]]) -> #VALUE! | T246: =DAY(E246) & " de " & TEXT(E246, "mmmm") & " del " & YEAR(E246) -> 10 de julio del 2025 | U246: =_xlfn.XLOOKUP(Tabla1[[#This Row],[instructor_2]],diccionario_!$A$1:$A$11,diccionario_!$D$1:$D$11,,0) -> #VALUE! | V246: =TEXT(O246,"0%") -> 100% | W246: 28 de julio del 2025 a las 17:09
A247: 362 | B247: Daniel Rodrigo Carvajal Bucarey | C247: 10.528.715-1 | D247: P-8549-2359-004-V01 | E247: 45848 | F247: 0.71666667 | G247: Ulloa Ulloa Juan Alberto | H247: 10.083.209-7 | I247: SCANIA | J247: BUS 2 PISOS | K247: K 360 IB | L247: K 440 IB | M247: K 400 IB | N247: K 360 IB - K 440 IB - K 400 IB | O247: 1 | P247: generado | Q247: =IF(Tabla1[[#This Row],[evaluacion_]]="","",IF(Tabla1[[#This Row],[evaluacion_]]=1,"Habilitado","No Habilitado")) -> #VALUE! | R247: =IF(Tabla1[[#This Row],[fecha]]="","",TEXT(Tabla1[[#This Row],[fecha]],"DMMAAAA")&TEXT(Tabla1[[#This Row],[hora]],"HHmm")) -> #VALUE! | S247: =_xlfn.CONCAT(Tabla1[[#This Row],[codigo_]],Tabla1[[#This Row],[correlativo_]]) -> #VALUE! | T247: =DAY(E247) & " de " & TEXT(E247, "mmmm") & " del " & YEAR(E247) -> 10 de julio del 2025 | U247: =_xlfn.XLOOKUP(Tabla1[[#This Row],[instructor_2]],diccionario_!$A$1:$A$11,diccionario_!$D$1:$D$11,,0) -> #VALUE! | V247: =TEXT(O247,"0%") -> 100% | W247: 28 de julio del 2025 a las 17:09
A248: 363 | B248: Daniel Rodrigo Carvajal Bucarey | C248: 10.528.715-1 | D248: P-8549-2359-004-V01 | E248: 45839 | F248: 0.72569444 | G248: Urzua Colina José Horacio | H248: 13.278.473-6 | I248: MERCEDES BENZ | J248: BUS 1 PISO | K248: O500 RS - OC500 RF | N248: O500 RS - OC500 RF | O248: 1 | P248: generado | Q248: =IF(Tabla1[[#This Row],[evaluacion_]]="","",IF(Tabla1[[#This Row],[evaluacion_]]=1,"Habilitado","No Habilitado")) -> #VALUE! | R248: =IF(Tabla1[[#This Row],[fecha]]="","",TEXT(Tabla1[[#This Row],[fecha]],"DMMAAAA")&TEXT(Tabla1[[#This Row],[hora]],"HHmm")) -> #VALUE! | S248: =_xlfn.CONCAT(Tabla1[[#This Row],[codigo_]],Tabla1[[#This Row],[correlativo_]]) -> #VALUE! | T248: =DAY(E248) & " de " & TEXT(E248, "mmmm") & " del " & YEAR(E248) -> 1 de julio del 2025 | U248: =_xlfn.XLOOKUP(Tabla1[[#This Row],[instructor_2]],diccionario_!$A$1:$A$11,diccionario_!$D$1:$D$11,,0) -> #VALUE! | V248: =TEXT(O248,"0%") -> 100% | W248: 28 de julio del 2025 a las 17:27
A249: 364 | B249: Daniel Rodrigo Carvajal Bucarey | C249: 10.528.715-1 | D249: P-8549-2359-004-V01 | E249: 45839 | F249: 0.72777778 | G249: Soto Meza Luis Adolfo | H249: 13.764.411-8 | I249: MERCEDES BENZ | J249: BUS 1 PISO | K249: O500 RS - OC500 RF | N249: O500 RS - OC500 RF | O249: 1 | P249: generado | Q249: =IF(Tabla1[[#This Row],[evaluacion_]]="","",IF(Tabla1[[#This Row],[evaluacion_]]=1,"Habilitado","No Habilitado")) -> #VALUE! | R249: =IF(Tabla1[[#This Row],[fecha]]="","",TEXT(Tabla1[[#This Row],[fecha]],"DMMAAAA")&TEXT(Tabla1[[#This Row],[hora]],"HHmm")) -> #VALUE! | S249: =_xlfn.CONCAT(Tabla1[[#This Row],[codigo_]],Tabla1[[#This Row],[correlativo_]]) -> #VALUE! | T249: =DAY(E249) & " de " & TEXT(E249, "mmmm") & " del " & YEAR(E249) -> 1 de julio del 2025 | U249: =_xlfn.XLOOKUP(Tabla1[[#This Row],[instructor_2]],diccionario_!$A$1:$A$11,diccionario_!$D$1:$D$11,,0) -> #VALUE! | V249: =TEXT(O249,"0%") -> 100% | W249: 28 de julio del 2025 a las 17:27
A250: 365 | B250: Daniel Rodrigo Carvajal Bucarey | C250: 10.528.715-1 | D250: P-8549-2359-004-V01 | E250: 45845 | F250: 0.75069444 | G250: Ramirez Luco Claudio Andres | H250: 12.427.062-6 | I250: MERCEDES BENZ | J250: TAXIBUS | K250: LO915 - LO916 | N250: LO915 - LO916 | O250: 1 | P250: generado | Q250: =IF(Tabla1[[#This Row],[evaluacion_]]="","",IF(Tabla1[[#This Row],[evaluacion_]]=1,"Habilitado","No Habilitado")) -> #VALUE! | R250: =IF(Tabla1[[#This Row],[fecha]]="","",TEXT(Tabla1[[#This Row],[fecha]],"DMMAAAA")&TEXT(Tabla1[[#This Row],[hora]],"HHmm")) -> #VALUE! | S250: =_xlfn.CONCAT(Tabla1[[#This Row],[codigo_]],Tabla1[[#This Row],[correlativo_]]) -> #VALUE! | T250: =DAY(E250) & " de " & TEXT(E250, "mmmm") & " del " & YEAR(E250) -> 7 de julio del 2025 | U250: =_xlfn.XLOOKUP(Tabla1[[#This Row],[instructor_2]],diccionario_!$A$1:$A$11,diccionario_!$D$1:$D$11,,0) -> #VALUE! | V250: =TEXT(O250,"0%") -> 100% | W250: 29 de julio del 2025 a las 08:31
A251: 366 | B251: Daniel Rodrigo Carvajal Bucarey | C251: 10.528.715-1 | D251: P-8549-2359-004-V01 | E251: 45845 | F251: 0.75486111 | G251: Carrasco Basualto Mauricio Antonio | H251: 13.431.424-9 | I251: MERCEDES BENZ | J251: TAXIBUS | K251: LO915 - LO916 | N251: LO915 - LO916 | O251: 1 | P251: generado | Q251: =IF(Tabla1[[#This Row],[evaluacion_]]="","",IF(Tabla1[[#This Row],[evaluacion_]]=1,"Habilitado","No Habilitado")) -> #VALUE! | R251: =IF(Tabla1[[#This Row],[fecha]]="","",TEXT(Tabla1[[#This Row],[fecha]],"DMMAAAA")&TEXT(Tabla1[[#This Row],[hora]],"HHmm")) -> #VALUE! | S251: =_xlfn.CONCAT(Tabla1[[#This Row],[codigo_]],Tabla1[[#This Row],[correlativo_]]) -> #VALUE! | T251: =DAY(E251) & " de " & TEXT(E251, "mmmm") & " del " & YEAR(E251) -> 7 de julio del 2025 | U251: =_xlfn.XLOOKUP(Tabla1[[#This Row],[instructor_2]],diccionario_!$A$1:$A$11,diccionario_!$D$1:$D$11,,0) -> #VALUE! | V251: =TEXT(O251,"0%") -> 100% | W251: 29 de julio del 2025 a las 08:31
A252: 367 | B252: Daniel Rodrigo Carvajal Bucarey | C252: 10.528.715-1 | D252: P-8549-2359-004-V01 | E252: 45867 | F252: 0.40277778 | G252: Balladares Almarza Carlos Patricio | H252: 7.762.678-6 | I252: MERCEDES BENZ | J252: BUS 2 PISOS | K252: O500 RS - OC500 RF | L252: O500 RS-D | N252: O500 RS - OC500 RF - O500 RS-D | O252: 1 | P252: generado | Q252: =IF(Tabla1[[#This Row],[evaluacion_]]="","",IF(Tabla1[[#This Row],[evaluacion_]]=1,"Habilitado","No Habilitado")) -> #VALUE! | R252: =IF(Tabla1[[#This Row],[fecha]]="","",TEXT(Tabla1[[#This Row],[fecha]],"DMMAAAA")&TEXT(Tabla1[[#This Row],[hora]],"HHmm")) -> #VALUE! | S252: =_xlfn.CONCAT(Tabla1[[#This Row],[codigo_]],Tabla1[[#This Row],[correlativo_]]) -> #VALUE! | T252: =DAY(E252) & " de " & TEXT(E252, "mmmm") & " del " & YEAR(E252) -> 29 de julio del 2025 | U252: =_xlfn.XLOOKUP(Tabla1[[#This Row],[instructor_2]],diccionario_!$A$1:$A$11,diccionario_!$D$1:$D$11,,0) -> #VALUE! | V252: =TEXT(O252,"0%") -> 100% | W252: 29 de julio del 2025 a las 08:39
A253: 368 | B253: Daniel Rodrigo Carvajal Bucarey | C253: 10.528.715-1 | D253: P-8549-2359-004-V01 | E253: 45867 | F253: 0.40416667 | G253: Balladares Almarza Carlos Patricio | H253: 7.762.678-6 | I253: VOLVO | J253: BUS 2 PISOS | K253: B 420R - B 430R | L253: B 450R | N253: B 420R - B 430R - B 450R | O253: 1 | P253: generado | Q253: =IF(Tabla1[[#This Row],[evaluacion_]]="","",IF(Tabla1[[#This Row],[evaluacion_]]=1,"Habilitado","No Habilitado")) -> #VALUE! | R253: =IF(Tabla1[[#This Row],[fecha]]="","",TEXT(Tabla1[[#This Row],[fecha]],"DMMAAAA")&TEXT(Tabla1[[#This Row],[hora]],"HHmm")) -> #VALUE! | S253: =_xlfn.CONCAT(Tabla1[[#This Row],[codigo_]],Tabla1[[#This Row],[correlativo_]]) -> #VALUE! | T253: =DAY(E253) & " de " & TEXT(E253, "mmmm") & " del " & YEAR(E253) -> 29 de julio del 2025 | U253: =_xlfn.XLOOKUP(Tabla1[[#This Row],[instructor_2]],diccionario_!$A$1:$A$11,diccionario_!$D$1:$D$11,,0) -> #VALUE! | V253: =TEXT(O253,"0%") -> 100% | W253: 29 de julio del 2025 a las 08:39
A254: 369 | B254: Daniel Rodrigo Carvajal Bucarey | C254: 10.528.715-1 | D254: P-8549-2359-004-V01 | E254: 45867 | F254: 0.39930556 | G254: Huerta Calderón Manuel Alejandro | H254: 15.373.113-6 | I254: MERCEDES BENZ | J254: BUS 1 PISO | K254: O500 RS - OC500 RF | N254: O500 RS - OC500 RF | O254: 1 | P254: generado | Q254: =IF(Tabla1[[#This Row],[evaluacion_]]="","",IF(Tabla1[[#This Row],[evaluacion_]]=1,"Habilitado","No Habilitado")) -> #VALUE! | R254: =IF(Tabla1[[#This Row],[fecha]]="","",TEXT(Tabla1[[#This Row],[fecha]],"DMMAAAA")&TEXT(Tabla1[[#This Row],[hora]],"HHmm")) -> #VALUE! | S254: =_xlfn.CONCAT(Tabla1[[#This Row],[codigo_]],Tabla1[[#This Row],[correlativo_]]) -> #VALUE! | T254: =DAY(E254) & " de " & TEXT(E254, "mmmm") & " del " & YEAR(E254) -> 29 de julio del 2025 | U254: =_xlfn.XLOOKUP(Tabla1[[#This Row],[instructor_2]],diccionario_!$A$1:$A$11,diccionario_!$D$1:$D$11,,0) -> #VALUE! | V254: =TEXT(O254,"0%") -> 100% | W254: 29 de julio del 2025 a las 09:34
A255: 370 | B255: Daniel Rodrigo Carvajal Bucarey | C255: 10.528.715-1 | D255: P-8549-2359-004-V01 | E255: 45853 | F255: 0.40277778 | G255: Jeldres Muñoz Pedro Javier | H255: 8.931.916-1 | I255: MERCEDES BENZ | J255: BUS 1 PISO | K255: O500 RS - OC500 RF | N255: O500 RS - OC500 RF | O255: 1 | P255: generado | Q255: =IF(Tabla1[[#This Row],[evaluacion_]]="","",IF(Tabla1[[#This Row],[evaluacion_]]=1,"Habilitado","No Habilitado")) -> #VALUE! | R255: =IF(Tabla1[[#This Row],[fecha]]="","",TEXT(Tabla1[[#This Row],[fecha]],"DMMAAAA")&TEXT(Tabla1[[#This Row],[hora]],"HHmm")) -> #VALUE! | S255: =_xlfn.CONCAT(Tabla1[[#This Row],[codigo_]],Tabla1[[#This Row],[correlativo_]]) -> #VALUE! | T255: =DAY(E255) & " de " & TEXT(E255, "mmmm") & " del " & YEAR(E255) -> 15 de julio del 2025 | U255: =_xlfn.XLOOKUP(Tabla1[[#This Row],[instructor_2]],diccionario_!$A$1:$A$11,diccionario_!$D$1:$D$11,,0) -> #VALUE! | V255: =TEXT(O255,"0%") -> 100% | W255: 29 de julio del 2025 a las 09:39
A256: 371 | B256: Daniel Rodrigo Carvajal Bucarey | C256: 10.528.715-1 | D256: P-8549-2359-004-V01 | E256: 45853 | F256: 0.41666667 | G256: Marín Astargo Miguel Angel | H256: 10.028.169-4 | I256: ZHONG TONG | J256: BUS 1 PISO | K256: ZT LCK6129EV | N256: ZT LCK6129EV | O256: 1 | P256: generado | Q256: =IF(Tabla1[[#This Row],[evaluacion_]]="","",IF(Tabla1[[#This Row],[evaluacion_]]=1,"Habilitado","No Habilitado")) -> #VALUE! | R256: =IF(Tabla1[[#This Row],[fecha]]="","",TEXT(Tabla1[[#This Row],[fecha]],"DMMAAAA")&TEXT(Tabla1[[#This Row],[hora]],"HHmm")) -> #VALUE! | S256: =_xlfn.CONCAT(Tabla1[[#This Row],[codigo_]],Tabla1[[#This Row],[correlativo_]]) -> #VALUE! | T256: =DAY(E256) & " de " & TEXT(E256, "mmmm") & " del " & YEAR(E256) -> 15 de julio del 2025 | U256: =_xlfn.XLOOKUP(Tabla1[[#This Row],[instructor_2]],diccionario_!$A$1:$A$11,diccionario_!$D$1:$D$11,,0) -> #VALUE! | V256: =TEXT(O256,"0%") -> 100% | W256: 29 de julio del 2025 a las 10:01
A257: 372 | B257: Daniel Rodrigo Carvajal Bucarey | C257: 10.528.715-1 | D257: P-8549-2359-004-V01 | E257: 45853 | F257: 0.41736111 | G257: Marín Astargo Miguel Angel | H257: 10.028.169-4 | I257: MERCEDES BENZ | J257: BUS 1 PISO | K257: O500 RS - OC500 RF | N257: O500 RS - OC500 RF | O257: 1 | P257: generado | Q257: =IF(Tabla1[[#This Row],[evaluacion_]]="","",IF(Tabla1[[#This Row],[evaluacion_]]=1,"Habilitado","No Habilitado")) -> #VALUE! | R257: =IF(Tabla1[[#This Row],[fecha]]="","",TEXT(Tabla1[[#This Row],[fecha]],"DMMAAAA")&TEXT(Tabla1[[#This Row],[hora]],"HHmm")) -> #VALUE! | S257: =_xlfn.CONCAT(Tabla1[[#This Row],[codigo_]],Tabla1[[#This Row],[correlativo_]]) -> #VALUE! | T257: =DAY(E257) & " de " & TEXT(E257, "mmmm") & " del " & YEAR(E257) -> 15 de julio del 2025 | U257: =_xlfn.XLOOKUP(Tabla1[[#This Row],[instructor_2]],diccionario_!$A$1:$A$11,diccionario_!$D$1:$D$11,,0) -> #VALUE! | V257: =TEXT(O257,"0%") -> 100% | W257: 29 de julio del 2025 a las 10:01
A258: 377 | B258: Marcelo Camilo Barrera Acevedo | C258: 13.364.290-0 | D258: P-8549-2359-004-V01 | E258: 45881 | F258: 0.66666667 | G258: Pinto Pozo Héctor Artemio | H258: 11.471.571-9 | I258: MERCEDES BENZ | J258: BUS 1 PISO | K258: O500 RS - OC500 RF | N258: O500 RS - OC500 RF | O258: 1 | P258: Generado | Q258: Habilitado | R258: 120820251600 | S258: 120820251600377 | T258: 12 de agosto del 2025 | U258: Marcelo Barrera A. | V258: 100% | W258: 13 de agosto del 2025 a las 13:14
A259: 378 | B259: Marcelo Camilo Barrera Acevedo | C259: 13.364.290-0 | D259: P-8549-2359-004-V01 | E259: 45873 | F259: 0.41666667 | G259: Rivera Gutierrez Ivan Eduardo | H259: 16.775.142-3 | I259: SCANIA | J259: BUS 1 PISO | K259: K 360 IB | N259: K 360 IB | O259: 1 | P259: Generado | Q259: Habilitado | R259: 40820251000 | S259: 40820251000378 | T259: 4 de agosto del 2025 | U259: Marcelo Barrera A. | V259: 100% | W259: 13 de agosto del 2025 a las 16:22
A260: 379 | B260: Marcelo Camilo Barrera Acevedo | C260: 13.364.290-0 | D260: P-8549-2359-004-V01 | E260: 45880 | F260: 0.5 | G260: Leal Chaur Mauricio Ernesto | H260: 14.425.075-3 | I260: MERCEDES BENZ | K260: O500 RS - OC500 RF | L260: LO915 - LO916 | M260: SPRINTER 315 – 415 – 515 – 517 4X2 | N260: O500 RS - OC500 RF - LO915 - LO916 - SPRINTER 315 – 415 – 515 – 517 4X2 | O260: 1 | P260: Generado | Q260: Habilitado | R260: 110820251200 | S260: 110820251200379 | T260: 11 de agosto del 2025 | U260: Marcelo Barrera A. | V260: 100% | W260: 13 de agosto del 2025 a las 16:48
A261: 380 | B261: Marcelo Camilo Barrera Acevedo | C261: 13.364.290-0 | D261: P-8549-2359-004-V01 | E261: 45880 | F261: 0.50069444 | G261: Alfaro Araya Octavio Arnoldo | H261: 12.445.976-1 | I261: MERCEDES BENZ | K261: O500 RS - OC500 RF | L261: LO915 - LO916 | M261: SPRINTER 315 – 415 – 515 – 517 4X2 | N261: O500 RS - OC500 RF - LO915 - LO916 - SPRINTER 315 – 415 – 515 – 517 4X2 | O261: 1 | P261: Generado | Q261: Habilitado | R261: 110820251201 | S261: 110820251201380 | T261: 11 de agosto del 2025 | U261: Marcelo Barrera A. | V261: 100% | W261: 13 de agosto del 2025 a las 16:48
A262: 381 | B262: Marcelo Camilo Barrera Acevedo | C262: 13.364.290-0 | D262: P-8549-2359-004-V01 | E262: 45880 | F262: 0.50208333 | G262: Herrera Regodeceves Humberto Del Carmen | H262: 9.361.762-2 | I262: MERCEDES BENZ | K262: O500 RS - OC500 RF | L262: LO915 - LO916 | M262: SPRINTER 315 – 415 – 515 – 517 4X2 | N262: O500 RS - OC500 RF - LO915 - LO916 - SPRINTER 315 – 415 – 515 – 517 4X2 | O262: 1 | P262: Generado | Q262: Habilitado | R262: 110820251203 | S262: 110820251203381 | T262: 11 de agosto del 2025 | U262: Marcelo Barrera A. | V262: 100% | W262: 13 de agosto del 2025 a las 16:48
A263: 383 | B263: Marcelo Camilo Barrera Acevedo | C263: 13.364.290-0 | D263: P-8549-2359-004-V01 | E263: 45881 | F263: 0.66736111 | G263: Alfaro Araya Octavio Arnoldo | H263: 12.445.976-1 | I263: SCANIA | J263: BUS 1 PISO | K263: K 360 IB | N263: K 360 IB | O263: 1 | P263: Generado | Q263: Habilitado | R263: 120820251601 | S263: 120820251601383 | T263: 12 de agosto del 2025 | U263: Marcelo Barrera A. | V263: 100% | W263: 13 de agosto del 2025 a las 16:51
A264: 384 | B264: Marcelo Camilo Barrera Acevedo | C264: 13.364.290-0 | D264: P-8549-2359-004-V01 | E264: 45881 | F264: 0.66805556 | G264: Herrera Regodeceves Humberto Del Carmen | H264: 9.361.762-2 | I264: SCANIA | J264: BUS 1 PISO | K264: K 360 IB | N264: K 360 IB | O264: 1 | P264: Generado | Q264: Habilitado | R264: 120820251602 | S264: 120820251602384 | T264: 12 de agosto del 2025 | U264: Marcelo Barrera A. | V264: 100% | W264: 13 de agosto del 2025 a las 16:51
A265: 385 | B265: Marcelo Camilo Barrera Acevedo | C265: 13.364.290-0 | D265: P-8549-2359-004-V01 | E265: 45881 | F265: 0.72916667 | G265: Monardes Morales Nicolás Antonio | H265: 10.927.020-2 | I265: MERCEDES BENZ | J265: MINIBUS | K265: SPRINTER 315 – 415 – 515 – 517 4X2 | N265: SPRINTER 315 – 415 – 515 – 517 4X2 | O265: 1 | P265: Generado | Q265: Habilitado | R265: 120820251730 | S265: 120820251730385 | T265: 12 de agosto del 2025 | U265: Marcelo Barrera A. | V265: 100% | W265: 14 de agosto del 2025 a las 16:15
A266: 386 | B266: Marcelo Camilo Barrera Acevedo | C266: 13.364.290-0 | D266: P-8549-2359-004-V01 | E266: 45853 | F266: 0.70833333 | G266: Angel Rojas Juan Julio | H266: 10.484.482-0 | I266: ZHONG TONG | J266: BUS 1 PISO | K266: ZT LCK6129EV | N266: ZT LCK6129EV | O266: 1 | P266: Generado | Q266: Habilitado | R266: 150720251700 | S266: 150720251700386 | T266: 15 de julio del 2025 | U266: Marcelo Barrera A. | V266: 100% | W266: 18 de agosto del 2025 a las 16:45
A267: 387 | B267: Milla Miranda Guillermo Andres | C267: 15.325.100-2 | D267: P-8549-2359-004-V01 | E267: 45894 | F267: 0.73958333 | G267: Contreras Cortes Mario Elias | H267: 10.277.434-5 | I267: MERCEDES BENZ | J267: TAXIBUS | K267: LO915 - LO916 | L267: SPRINTER 315 – 415 – 515 – 517 4X2 | N267: LO915 - LO916 - SPRINTER 315 – 415 – 515 – 517 4X2 | O267: 1 | P267: Generado | Q267: Habilitado | R267: 250820251745 | S267: 250820251745387 | T267: 25 de agosto del 2025 | U267: Guillermo Milla M. | V267: 100% | W267: 26 de agosto del 2025 a las 14:20
A268: 388 | B268: Milla Miranda Guillermo Andres | C268: 15.325.100-2 | D268: P-8549-2359-004-V01 | E268: 45895 | F268: 0.5625 | G268: Muñoz Castillo Adrian Leonardo | H268: 8.054.582-7 | I268: ZHONG TONG | J268: BUS 1 PISO | K268: ZT LCK6129EV | N268: ZT LCK6129EV | O268: 1 | P268: Generado | Q268: Habilitado | R268: 260820251330 | S268: 260820251330388 | T268: 26 de agosto del 2025 | U268: Guillermo Milla M. | V268: 100% | W268: 26 de agosto del 2025 a las 14:45
A269: 389 | B269: Milla Miranda Guillermo Andres | C269: 15.325.100-2 | D269: P-8549-2359-004-V01 | E269: 45895 | F269: 0.58333333 | G269: Alarcon Araya Carlos Alberto | H269: 12.702.825-7 | I269: MERCEDES BENZ | J269: BUS 1 PISO | K269: O500 RS - OC500 RF | L269: LO915 - LO916 | M269: SPRINTER 315 – 415 – 515 – 517 4X2 | N269: O500 RS - OC500 RF - LO915 - LO916 - SPRINTER 315 – 415 – 515 – 517 4X2 | O269: 1 | P269: Generado | Q269: Habilitado | R269: 260820251400 | S269: 260820251400389 | T269: 26 de agosto del 2025 | U269: Guillermo Milla M. | V269: 100% | W269: 26 de agosto del 2025 a las 14:51
A270: 390 | B270: Milla Miranda Guillermo Andres | C270: 15.325.100-2 | D270: P-8549-2359-004-V01 | E270: 45895 | F270: 0.59027778 | G270: Alarcon Araya Carlos Alberto | H270: 12.702.825-7 | I270: SCANIA | J270: BUS 1 PISO | K270: K 360 IB | N270: K 360 IB | O270: 1 | P270: Generado | Q270: Habilitado | R270: 260820251410 | S270: 260820251410390 | T270: 26 de agosto del 2025 | U270: Guillermo Milla M. | V270: 100% | W270: 26 de agosto del 2025 a las 14:53
A271: 391 | B271: Milla Miranda Guillermo Andres | C271: 15.325.100-2 | D271: P-8549-2359-004-V01 | E271: 45896 | F271: 0.375 | G271: González Farfán Miguel Alejandro | H271: 12.726.257-8 | I271: MERCEDES BENZ | J271: TAXIBUS | K271: LO915 - LO916 | L271: SPRINTER 315 – 415 – 515 – 517 4X2 | N271: LO915 - LO916 - SPRINTER 315 – 415 – 515 – 517 4X2 | O271: 1 | P271: Generado | Q271: Habilitado | R271: 270820250900 | S271: 270820250900391 | T271: 27 de agosto del 2025 | U271: Guillermo Milla M. | V271: 100% | W271: 27 de agosto del 2025 a las 12:15
A272: 392 | B272: Milla Miranda Guillermo Andres | C272: 15.325.100-2 | D272: P-8549-2359-004-V01 | E272: 45896 | F272: 0.5 | G272: Cuellar Bazan Jose Luis | H272: 24.608.493-9 | I272: MERCEDES BENZ | J272: MINIBUS | K272: SPRINTER 315 – 415 – 515 – 517 4X2 | N272: SPRINTER 315 – 415 – 515 – 517 4X2 | O272: 1 | P272: Generado | Q272: Habilitado | R272: 270820251200 | S272: 270820251200392 | T272: 27 de agosto del 2025 | U272: Guillermo Milla M. | V272: 100% | W272: 27 de agosto del 2025 a las 13:13
A273: 393 | B273: Marcelo Camilo Barrera Acevedo | C273: 13.364.290-0 | D273: P-8549-2359-004-V01 | E273: 45898 | F273: 0.66666667 | G273: Villagran Latoja Thania Andrea | H273: 19.176.738-1 | I273: VOLVO | J273: BUS 2 PISOS | K273: B 450R | N273: B 450R | O273: 1 | P273: Generado | Q273: Habilitado | R273: 290820251600 | S273: 290820251600393 | T273: 29 de agosto del 2025 | U273: Marcelo Barrera A. | V273: 100% | W273: 29 de agosto del 2025 a las 10:09
A274: 394 | B274: Daniel Rodrigo Carvajal Bucarey | C274: 10.528.715-1 | D274: P-8549-2359-004-V01 | E274: 45898 | F274: 0.46180556 | G274: Tapia Lopez Fernando Antonio | H274: 11.516.472-4 | I274: MERCEDES BENZ | J274: BUS 2 PISOS | K274: O500 RS-D | L274: O500 RS - OC500 RF | N274: O500 RS-D - O500 RS - OC500 RF | O274: 1 | P274: Generado | Q274: Habilitado | R274: 290820251105 | S274: 290820251105394 | T274: 29 de agosto del 2025 | U274: Daniel Carvajal B. | V274: 100% | W274: 29 de agosto del 2025 a las 11:12
A275: 395 | B275: Daniel Rodrigo Carvajal Bucarey | C275: 10.528.715-1 | D275: P-8549-2359-004-V01 | E275: 45898 | F275: 0.46319444 | G275: Tapia Lopez Fernando Antonio | H275: 11.516.472-4 | I275: VOLVO | J275: BUS 2 PISOS | K275: B 420R - B 430R | L275: B 450R | N275: B 420R - B 430R - B 450R | O275: 1 | P275: Generado | Q275: Habilitado | R275: 290820251107 | S275: 290820251107395 | T275: 29 de agosto del 2025 | U275: Daniel Carvajal B. | V275: 100% | W275: 29 de agosto del 2025 a las 11:15
A276: 396 | B276: Daniel Rodrigo Carvajal Bucarey | C276: 10.528.715-1 | D276: P-8549-2359-004-V01 | E276: 45898 | F276: 0.46527778 | G276: Tapia Lopez Fernando Antonio | H276: 11.516.472-4 | I276: SCANIA | J276: BUS 2 PISOS | K276: K 440 IB | L276: K 360 IB | N276: K 440 IB - K 360 IB | O276: 1 | P276: Generado | Q276: Habilitado | R276: 290820251110 | S276: 290820251110396 | T276: 29 de agosto del 2025 | U276: Daniel Carvajal B. | V276: 100% | W276: 29 de agosto del 2025 a las 11:18
A277: 397 | B277: Daniel Rodrigo Carvajal Bucarey | C277: 10.528.715-1 | D277: P-8549-2359-004-V01 | E277: 45853 | F277: 0.71180556 | G277: Lecaros Saldaña Raul Antonio | H277: 8.721.438-9 | I277: MERCEDES BENZ | J277: BUS 2 PISOS | K277: O500 RS-D | L277: O500 RS - OC500 RF | N277: O500 RS-D - O500 RS - OC500 RF | O277: 1 | P277: Generado | Q277: Habilitado | R277: 150720251705 | S277: 150720251705397 | T277: 15 de julio del 2025 | U277: Daniel Carvajal B. | V277: 100% | W277: 1 de septiembre del 2025 a las 16:30
A278: 398 | B278: Daniel Rodrigo Carvajal Bucarey | C278: 10.528.715-1 | D278: P-8549-2359-004-V01 | E278: 45853 | F278: 0.71527778 | G278: Lecaros Saldaña Raul Antonio | H278: 8.721.438-9 | I278: VOLVO | J278: BUS 2 PISOS | K278: B 420R - B 430R | L278: B 450R | N278: B 420R - B 430R - B 450R | O278: 1 | P278: Generado | Q278: Habilitado | R278: 150720251710 | S278: 150720251710398 | T278: 15 de julio del 2025 | U278: Daniel Carvajal B. | V278: 100% | W278: 1 de septiembre del 2025 a las 16:30
A279: 399 | B279: Daniel Rodrigo Carvajal Bucarey | C279: 10.528.715-1 | D279: P-8549-2359-004-V01 | E279: 45863 | F279: 0.68055556 | G279: Moraga Flores Carlos Guillermo | H279: 9.085.804-1 | I279: MERCEDES BENZ | J279: BUS 1 PISO | K279: O500 RS - OC500 RF | N279: O500 RS - OC500 RF | O279: 1 | P279: Generado | Q279: Habilitado | R279: 250720251620 | S279: 250720251620399 | T279: 25 de julio del 2025 | U279: Daniel Carvajal B. | V279: 100% | W279: 1 de septiembre del 2025 a las 16:33
A280: 400 | B280: Marcelo Camilo Barrera Acevedo | C280: 13.364.290-0 | D280: P-8549-2359-004-V01 | E280: 45881 | F280: 0.70833333 | G280: Chambe Mollo Jose Miguel | H280: 9.085.804-1 | I280: MERCEDES BENZ | J280: MINIBUS | K280: SPRINTER 315 – 415 – 515 – 517 4X2 | N280: SPRINTER 315 – 415 – 515 – 517 4X2 | O280: 1 | P280: Generado | Q280: Habilitado | R280: 120820251700 | S280: 120820251700400 | T280: 12 de agosto del 2025 | U280: Marcelo Barrera A. | V280: 100% | W280: 2 de septiembre del 2025 a las 09:26
A281: 401 | B281: Marcelo Camilo Barrera Acevedo | C281: 13.364.290-0 | D281: P-8549-2359-004-V01 | E281: 45881 | F281: 0.70902778 | G281: Naranjo Villafaña Jose Antonio | H281: 17.530.349-9 | I281: MERCEDES BENZ | J281: MINIBUS | K281: SPRINTER 315 – 415 – 515 – 517 4X2 | N281: SPRINTER 315 – 415 – 515 – 517 4X2 | O281: 1 | P281: Generado | Q281: Habilitado | R281: 120820251701 | S281: 120820251701401 | T281: 12 de agosto del 2025 | U281: Marcelo Barrera A. | V281: 100% | W281: 2 de septiembre del 2025 a las 09:26
A282: 402 | B282: Marcelo Camilo Barrera Acevedo | C282: 13.364.290-0 | D282: P-8549-2359-004-V01 | E282: 45881 | F282: 0.71180556 | G282: Sanchez Chumacero Maritza Del Carmen | H282: 10.988.879-6 | I282: MERCEDES BENZ | J282: MINIBUS | K282: SPRINTER 315 – 415 – 515 – 517 4X2 | N282: SPRINTER 315 – 415 – 515 – 517 4X2 | O282: 1 | P282: Generado | Q282: Habilitado | R282: 120820251705 | S282: 120820251705402 | T282: 12 de agosto del 2025 | U282: Marcelo Barrera A. | V282: 100% | W282: 2 de septiembre del 2025 a las 09:26
A283: 403 | B283: Marcelo Camilo Barrera Acevedo | C283: 13.364.290-0 | D283: P-8549-2359-004-V01 | E283: 45881 | F283: 0.71527778 | G283: Sanchez Escobar Claudia Fabiola | H283: 11.721.396-k | I283: MERCEDES BENZ | J283: MINIBUS | K283: SPRINTER 315 – 415 – 515 – 517 4X2 | N283: SPRINTER 315 – 415 – 515 – 517 4X2 | O283: 1 | P283: Generado | Q283: Habilitado | R283: 120820251710 | S283: 120820251710403 | T283: 12 de agosto del 2025 | U283: Marcelo Barrera A. | V283: 100% | W283: 2 de septiembre del 2025 a las 09:26
A284: 404 | B284: Marcelo Camilo Barrera Acevedo | C284: 13.364.290-0 | D284: P-8549-2359-004-V01 | E284: 45881 | F284: 0.71527778 | G284: Silva Melgarejo Yohnny Richard | H284: 10.847.661-3 | I284: MERCEDES BENZ | J284: MINIBUS | K284: SPRINTER 315 – 415 – 515 – 517 4X2 | N284: SPRINTER 315 – 415 – 515 – 517 4X2 | O284: 1 | P284: Generado | Q284: Habilitado | R284: 120820251710 | S284: 120820251710404 | T284: 12 de agosto del 2025 | U284: Marcelo Barrera A. | V284: 100% | W284: 2 de septiembre del 2025 a las 09:26
A285: 405 | B285: Marcelo Camilo Barrera Acevedo | C285: 13.364.290-0 | D285: P-8549-2359-004-V01 | E285: 45881 | F285: 0.75 | G285: Pacheco Paredes Luis Alberto | H285: 23.565.833-k | I285: MERCEDES BENZ | J285: MINIBUS | K285: SPRINTER 315 – 415 – 515 – 517 4X2 | N285: SPRINTER 315 – 415 – 515 – 517 4X2 | O285: 1 | P285: Generado | Q285: Habilitado | R285: 120820251800 | S285: 120820251800405 | T285: 12 de agosto del 2025 | U285: Marcelo Barrera A. | V285: 100% | W285: 2 de septiembre del 2025 a las 09:26
A286: 406 | B286: Daniel Rodrigo Carvajal Bucarey | C286: 10.528.715-1 | D286: P-8549-2359-004-V01 | E286: 45881 | F286: 0.45694444 | G286: Rojas Valenzuela Sergio Angelo | H286: 12.101.200-6 | I286: SCANIA | J286: BUS 2 PISOS | K286: K 360 IB | L286: K 440 IB | M286: K 400 IB | N286: K 360 IB - K 440 IB - K 400 IB | O286: 1 | P286: Generado | Q286: Habilitado | R286: 120820251058 | S286: 120820251058406 | T286: 12 de agosto del 2025 | U286: Daniel Carvajal B. | V286: 100% | W286: 2 de septiembre del 2025 a las 11:21
A287: 407 | B287: Daniel Rodrigo Carvajal Bucarey | C287: 10.528.715-1 | D287: P-8549-2359-004-V01 | E287: 45881 | F287: 0.45972222 | G287: Rojas Valenzuela Sergio Angelo | H287: 12.101.200-6 | I287: VOLVO | J287: BUS 2 PISOS | K287: B 420R - B 430R | L287: B 450R | N287: B 420R - B 430R - B 450R | O287: 1 | P287: Generado | Q287: Habilitado | R287: 120820251102 | S287: 120820251102407 | T287: 12 de agosto del 2025 | U287: Daniel Carvajal B. | V287: 100% | W287: 2 de septiembre del 2025 a las 11:21
A288: 408 | B288: Marcelo Camilo Barrera Acevedo | C288: 13.364.290-0 | D288: P-8549-2359-004-V01 | E288: 45903 | F288: 0.70833333 | G288: Manríquez Velásquez Andrés Esteban | H288: 14.559.833-8 | I288: ZHONG TONG | J288: BUS 1 PISO | K288: ZT LCK6129EV | N288: ZT LCK6129EV | O288: 1 | P288: Generado | Q288: Habilitado | R288: 30920251700 | S288: 30920251700408 | T288: 3 de septiembre del 2025 | U288: Marcelo Barrera A. | V288: 100% | W288: 3 de septiembre del 2025 a las 17:33
A289: 409 | B289: Marcelo Camilo Barrera Acevedo | C289: 13.364.290-0 | D289: P-8549-2359-004-V01 | E289: 45903 | F289: 0.66666667 | G289: Ibacache González Joran Nahun | H289: 16.868.621-8 | I289: MERCEDES BENZ | J289: MINIBUS | K289: SPRINTER 315 – 415 – 515 – 517 4X2 | N289: SPRINTER 315 – 415 – 515 – 517 4X2 | O289: 1 | P289: Generado | Q289: Habilitado | R289: 30920251600 | S289: 30920251600409 | T289: 3 de septiembre del 2025 | U289: Marcelo Barrera A. | V289: 100% | W289: 3 de septiembre del 2025 a las 17:36
A290: 410 | B290: Milla Miranda Guillermo Andres | C290: 15.325.100-2 | D290: P-8549-2359-004-V01 | E290: 45903 | F290: 0.75 | G290: Miranda Guerrero Alejandro Alberto | H290: 15.085.041-k | I290: MERCEDES BENZ | J290: BUS 1 PISO | K290: O500 RS - OC500 RF | L290: SPRINTER 315 – 415 – 515 – 517 4X2 | N290: O500 RS - OC500 RF - SPRINTER 315 – 415 – 515 – 517 4X2 | O290: 1 | P290: Generado | Q290: Habilitado | R290: 30920251800 | S290: 30920251800410 | T290: 3 de septiembre del 2025 | U290: Guillermo Milla M. | V290: 100% | W290: 3 de septiembre del 2025 a las 18:34
A291: 411 | B291: Milla Miranda Guillermo Andres | C291: 15.325.100-2 | D291: P-8549-2359-004-V01 | E291: 45903 | F291: 0.75694444 | G291: Miranda Guerrero Alejandro Alberto | H291: 15.085.041-k | I291: SCANIA | J291: BUS 1 PISO | K291: K 360 IB | L291: K 410CB | N291: K 360 IB - K 410CB | O291: 1 | P291: Generado | Q291: Habilitado | R291: 30920251810 | S291: 30920251810411 | T291: 3 de septiembre del 2025 | U291: Guillermo Milla M. | V291: 100% | W291: 3 de septiembre del 2025 a las 18:36
A292: 412 | B292: Milla Miranda Guillermo Andres | C292: 15.325.100-2 | D292: P-8549-2359-004-V01 | E292: 45904 | F292: 0.41666667 | G292: Toledo Bravo Renato Arturo Julio | H292: 12.840.237-3 | I292: MERCEDES BENZ | J292: BUS 2 PISOS | K292: O500 RS-D | L292: SPRINTER 315 – 415 – 515 – 517 4X2 | M292: LO915 - LO916 | N292: O500 RS-D - SPRINTER 315 – 415 – 515 – 517 4X2 - LO915 - LO916 | O292: 1 | P292: Generado | Q292: Habilitado | R292: 40920251000 | S292: 40920251000412 | T292: 4 de septiembre del 2025 | U292: Guillermo Milla M. | V292: 100% | W292: 4 de septiembre del 2025 a las 11:13
A293: 413 | B293: Milla Miranda Guillermo Andres | C293: 15.325.100-2 | D293: P-8549-2359-004-V01 | E293: 45904 | F293: 0.43055556 | G293: Toledo Bravo Renato Arturo Julio | H293: 12.840.237-3 | I293: SCANIA | J293: BUS 2 PISOS | K293: K 440 IB | L293: K 400 IB | M293: K 410CB | N293: K 440 IB - K 400 IB - K 410CB | O293: 1 | P293: Generado | Q293: Habilitado | R293: 40920251020 | S293: 40920251020413 | T293: 4 de septiembre del 2025 | U293: Guillermo Milla M. | V293: 100% | W293: 4 de septiembre del 2025 a las 11:16
A294: 414 | B294: Milla Miranda Guillermo Andres | C294: 15.325.100-2 | D294: P-8549-2359-004-V01 | E294: 45904 | F294: 0.4375 | G294: Toledo Bravo Renato Arturo Julio | H294: 12.840.237-3 | I294: VOLVO | J294: BUS 2 PISOS | K294: B 420R - B 430R | L294: B 450R | N294: B 420R - B 430R - B 450R | O294: 1 | P294: Generado | Q294: Habilitado | R294: 40920251030 | S294: 40920251030414 | T294: 4 de septiembre del 2025 | U294: Guillermo Milla M. | V294: 100% | W294: 4 de septiembre del 2025 a las 11:17
A295: 415 | B295: Daniel Rodrigo Carvajal Bucarey | C295: 10.528.715-1 | D295: P-8549-2359-004-V01 | E295: 45903 | F295: 0.50416667 | G295: Galarce Ugalde Octavio Alfonso | H295: 14.419.996-3 | I295: MERCEDES BENZ | J295: BUS 2 PISOS | K295: O500 RS-D | L295: O500 RS - OC500 RF | N295: O500 RS-D - O500 RS - OC500 RF | O295: 1 | P295: Generado | Q295: Habilitado | R295: 30920251206 | S295: 30920251206415 | T295: 3 de septiembre del 2025 | U295: Daniel Carvajal B. | V295: 100% | W295: 5 de septiembre del 2025 a las 08:41
A296: 416 | B296: Daniel Rodrigo Carvajal Bucarey | C296: 10.528.715-1 | D296: P-8549-2359-004-V01 | E296: 45903 | F296: 0.50486111 | G296: Galarce Ugalde Octavio Alfonso | H296: 14.419.996-3 | I296: VOLVO | J296: BUS 2 PISOS | K296: B 450R | L296: B 420R - B 430R | N296: B 450R - B 420R - B 430R | O296: 1 | P296: Generado | Q296: Habilitado | R296: 30920251207 | S296: 30920251207416 | T296: 3 de septiembre del 2025 | U296: Daniel Carvajal B. | V296: 100% | W296: 5 de septiembre del 2025 a las 08:45
A297: 417 | B297: Daniel Rodrigo Carvajal Bucarey | C297: 10.528.715-1 | D297: P-8549-2359-004-V01 | E297: 45903 | F297: 0.50625 | G297: Galarce Ugalde Octavio Alfonso | H297: 14.419.986-3 | I297: SCANIA | J297: BUS 2 PISOS | K297: K 440 IB | L297: K 400 IB | M297: K 360 IB | N297: K 440 IB - K 400 IB - K 360 IB | O297: 1 | P297: Generado | Q297: Habilitado | R297: 30920251209 | S297: 30920251209417 | T297: 3 de septiembre del 2025 | U297: Daniel Carvajal B. | V297: 100% | W297: 5 de septiembre del 2025 a las 08:45
...
